	s100	s102	s104	s106	s108	s110	s11	s123	s124	s125	s126	s127	s128	s129	s130	s131	s132	s133	s134	s13	s15	s17	s19	s1	s21	s23	s25	s27	s29	s31	s44	s45	s46	s47	s48	s49	s4	s50	s51	s52	s53	s54	s55	s80	s83	s88	s90	s92	s94	s96	s98	s9
rstcMAG_005 Bacteroidaceae (Ga6A1 sp900102385)	36371.164	18797.622	18309.448	6567.594	9886.103	26936.673	1584.263	547.914	907.388	516.263	785.799	592.298	774.484	6532.91	697.011	765.829	594.212	625.202	925.945	1707.893	2348.88	2381.885	1439.524	4503.411	5738.274	17215.489	1780.301	2492.405	1773.589	2349.297	534.036	614.126	453.193	468.724	657.597	598.718	5322.275	4050.016	3767.135	588.854	460.455	821.666	479.46	3828.719	5046.298	4934.273	19623.699	11088.428	8888.523	32357.668	24513.349	1608.267
rstcMAG_007 Prevotella (sp905236755)	72715.697	62841.633	97396.579	25007.672	55340.798	77216.494	8225.08	3677.632	3807.264	3553.488	3691.458	3219.463	5007.317	28956.526	4593.69	6940.472	4316.454	4434.6	4690.561	19223.523	14579.744	20071.227	12828.827	4447.127	18232.88	39512.672	11020.81	17878.111	14344.565	11729.687	6148.835	1895.909	3441.008	2565.29	3452.668	2274.243	6671.102	22363.798	25523.762	5759.062	4604.444	3598.177	2586.787	3578.086	5408.911	21538.391	62036.43	33777.551	24854.703	102614.644	59962.781	11626.109
rstcMAG_010 Gastranaerophilaceae (RGIG6874)	586.033	518.307	807.434	1002.307	793.047	619.574	358.097	5523.922	6172.008	6213.113	6225.571	7783.213	6626.896	2033.56	2645.438	3664.026	7321.403	7484.967	4501.584	330.065	319.169	316.473	296.058	1835.422	336.137	294.001	343.865	272.697	326.472	326.34	566.091	1026.818	361.075	245.004	311.006	376.061	1960.143	353.573	487.832	206.585	194.604	265.115	181.408	1754.662	2717.021	700.275	625.455	883.103	773.099	564.485	770.578	315.756
rstcMAG_014 Faecousia	109.795	147.679	409.42	273.391	294.472	469.535	405.583	865.724	1084.361	1783.853	1897.114	1786.405	1597.594	514.955	962.923	1446.147	1655.327	2261.419	3397.779	2096.557	770.943	915.736	760.217	10183.211	173.42	163.21	620.763	637.669	709.747	747.039	1140.999	717.911	2495.215	1407.935	1972.902	1075.905	2412.611	613.552	548.678	1136.824	579.287	2660.417	1051.936	10925.623	3660.262	117.643	281.315	157.961	270.449	227.006	336.983	610.931
rstcMAG_015 Bacteroidaceae (UBA6382 sp900316315)	78.496	495.888	100.418	38.266	82.489	209.184	1014.287	81.368	82.407	169.225	103.642	102.684	100.133	203.307	222.731	113.357	114.79	131.952	135.488	1468.101	971.492	1043.45	1327.284	872.587	1099.079	1309.086	1213.634	1858.706	1185.258	1135.536	571.937	250.509	366.13	398.255	329.682	270.966	1013.236	1963.249	1528.963	413.772	518.135	250.093	278.148	831.674	1045.805	29.199	85.337	69.761	60.51	127.353	126.678	954.697
rstcMAG_017 Lachnospiraceae (NK4A144 sp900114405)	3189.75	3343.005	7482.237	2832.834	4088.855	6827.796	8122.465	282.931	478.967	180.052	402.673	155.051	213.292	201.379	176.997	281.185	261.378	223.622	283.168	4383.234	14168.652	6886.171	5056.292	1569.543	979.071	1412.767	8952.544	5279.26	3143.901	4490.419	768.989	316.921	284.431	887.579	487.838	457.686	677.392	329.134	259.975	1022.087	1040.46	390.107	310.81	1308.244	908.89	3207.829	5514.499	3853.573	7369.266	11680.433	6340.881	5805.603
rstcMAG_018 Cryptobacteroides (sp900316045)	566.733	1166.898	103.13	81.191	86.915	116.516	4058.442	191.48	130.503	360.186	205.293	142.533	222.57	2480.873	3542.549	167.579	168.319	174.594	234.937	8675.626	5546.099	5346.026	6916.944	1065.505	4085.112	9615.065	5483.076	6691.185	5177.425	7128.536	3615.665	1685.831	5998.703	3974.034	5364.035	3891.557	631.724	8680.336	10929.392	5224.089	4283.3	3547.553	5120.343	1119.327	724.535	212.882	145.014	91.899	127.246	89.164	130.401	5550.022
rstcMAG_020 Anaerovoracaceae (RUG11894)	137.518	286.603	261.004	151.196	297.609	203.817	286.252	1600.664	3198.313	1895.269	1308.033	1960.069	1998.097	1316.166	3076.021	2206.748	2456.871	2636.729	2115.844	361.735	260.18	258.815	341.245	4531.141	234.41	210.908	275.659	288.827	326.749	372.223	712.3	505.203	1943.483	356.946	1635.359	375.196	1151.848	1332.794	955.352	368.91	434.737	2249.06	586.872	5187.797	1594.487	145.083	235.952	136.564	162.551	195.229	226.706	314.144
rstcMAG_032 Oscillospirales (CAG-272)	15.548	82.893	124.099	177.317	95.694	104.646	87.006	1393.266	2225.285	2430.071	2569.609	2043.101	1833.996	89.623	2163.823	1902.439	1816.257	2628.477	2299.17	105.779	111.294	117.071	78.899	1116.413	27.769	29.341	82.715	81.477	96.722	87.43	1801.694	1197.144	713.599	781.54	1007.511	628.052	468.09	101.907	86.708	552.42	499.236	1039.641	592.669	1260.895	755.338	80.212	109.57	100.097	202.845	104.055	167.407	163.648
rstcMAG_034 Oribacterium (sp900318695)	15035.126	14150.073	14579.828	10118.046	12416.146	17982.73	3690.027	1296.773	2318.111	1570.407	1979.736	1214.506	2392.677	3757.49	2036.172	2765.587	1704.777	1984.86	2401.018	5937.217	3654.125	4568.633	3295.957	1234.087	3945.333	4905.604	3095.441	4014.486	3735.409	2890.036	1527.136	813.342	1792.868	1507.461	1757.869	1234.733	860.377	3988.946	3830.742	1943.891	3236.135	1792.732	1688.17	1059.508	921.676	5711.613	11044.191	9201.049	7495.223	14445.381	14280.348	2248.062
rstcMAG_036 Candidatus Limosilactobacillus merdipullorum	1420.844	803.745	429.12	774.53	523.636	331.293	4649.662	117.863	116.126	119.472	128.831	125.734	123.627	244.286	139.604	145.911	115.783	141.202	126.897	1847.732	4523.348	3383.039	2229.072	315.738	9783.086	4104.623	447.516	2338.137	3339.239	2050.366	164.298	578.714	400.337	571.834	651.302	512.507	131.384	1929.577	1793.911	146.103	325.132	401.035	360.655	266.971	154.244	1777.739	426.677	835.447	596.232	263.952	548.283	475.732
rstcMAG_042 Hornefia butyriciproducens	423.365	460.611	825.814	202.646	535.513	883.968	2718.136	212.821	256.019	489.687	423.375	223.626	517.169	2647.85	471.766	318.385	282.652	525.536	449.213	4653.02	3541.705	3533.785	3888.048	935.982	1909.5	2437.186	3641.489	4800.801	3631.218	3098.239	587.66	356.642	1207.796	932.923	952.226	594.951	248.784	7469.417	5695.765	281.612	375.219	382.998	278.267	894.273	365.991	152.532	681.382	178.833	303.36	744.184	822.614	2419.045
rstcMAG_043 Elusimicrobiaceae (UBA1436 sp017525025)	144.466	142.195	302.833	694.77	1301.294	304.467	165.379	3367.315	24636.904	1206.642	19061.659	49595.234	3219.539	116.629	277.667	9465.175	20743.902	31310.821	15896.924	125.047	142.045	126.021	136.811	1262.879	102.222	122.985	118.039	119.614	129.491	119.282	539.569	321.113	353.636	1484.756	1180.094	351.34	1379.314	195.856	139.276	512.154	453.098	143.259	139.6	997.706	1101.76	1714.972	668.127	261.488	1642.353	461.722	191.394	122.221
rstcMAG_044 Acidaminococcus fermentans	1584.5	3801.47	5775.511	2032.785	4079.004	5222.073	4437.094	846.304	1280.034	1530.366	684.259	6452.599	710.122	1483.999	1431.166	2214.794	727.847	1615.985	1152.832	6635.426	3813.612	4524.097	5232.163	1249.38	1859.903	3773.702	4765.565	7105.094	7219.291	6643.732	1427.21	1632.114	3360.132	545.951	1155.155	1082.418	515.086	986.994	1965.424	1534.813	1837.134	1585.646	872.482	1185.107	772.83	1858.512	7651.01	1159.801	1181.762	3177.487	3268.128	3028.558
rstcMAG_049 Bilifractor (sp900318405)	4329.984	4833.967	2709.458	478.101	9644.418	3366.424	5473.305	227.963	630.72	393.657	1513.025	1884.316	319.488	2011.252	1643.285	357.995	522.241	2819.052	1267.565	3815.272	14179.705	10965.923	11592.999	2262.339	5158.246	26867.34	51052.248	9959.436	4791.142	39599.462	1137.435	263.213	664.725	304.521	795.447	415.257	678.145	1630.926	3245.256	1090.069	264.3	346.705	424.569	2116.551	1004.736	166.031	4564.836	246.37	2054.611	3991.826	1138.931	23216.04
rstcMAG_054 Pseudoramibacter fermentans	1898.678	15034.658	45755.847	11496.38	43724.561	47386.203	21350.552	5355.618	8522.456	10002.629	12407.468	8330.458	5126.159	2669.863	3195.453	9093.431	11234.179	11202.237	14277.326	89224.909	31729.841	57892.453	32830.011	1611.246	43429.544	40500.052	77272.594	30322.401	87592.537	75160.689	7164.245	1747.068	10918.926	2514.001	4847.045	1592.846	918.408	9921.729	16936.373	1857.838	1104.091	2023.124	1338.952	1627.221	1268.755	12063.309	29625.843	11571.878	12086.611	49742.724	22675.121	56057.385
rstcMAG_057 Weimeria (sp900316165)	111.593	143.997	214.842	90.753	191.765	218.18	255.077	74.39	94.865	86.143	91.389	76.354	90.02	108.304	96.469	87.505	93.098	97.021	101.916	1335.179	168.701	3494.231	269.786	1325.043	175.831	186.762	4448.581	238.88	280.017	1368.563	149.659	62.211	117.193	61.744	101.541	52.995	458.418	116.632	110.916	81.535	67.191	64.894	74.503	1212.728	680.492	83.035	190.118	136.675	111.881	212.346	212.496	3056.392
rstcMAG_058 Lactobacillus amylovorus	314136.864	210785.705	222670.637	428573.878	284068.041	175181.89	154722.172	48585.608	45912.523	33050.232	34343.507	47934.503	40756.678	70768.841	29730.105	53962.804	26794.521	39747.485	41815.083	119129.919	225714.88	204147.158	93712.835	1143.202	184297.015	136762.091	173844.375	135199.167	184518.424	107561.08	44393.956	30808.11	19620.029	25270.777	44765.848	33645.333	1651.442	65365.641	81622.308	21514.589	15867.625	14790.854	11640.762	1048.491	1564.951	577191.67	241243.096	455843.628	395445.507	111361.31	249541.461	273603.846
rstcMAG_059 Bilifractor (sp000702845)	288.946	678.587	612.822	230.835	608.588	503.185	693.62	1228.738	967.544	1857.887	1662.978	1389.708	1579.253	1865.157	3105.717	1566.762	1659.028	2091.739	1924.973	616.463	460.429	499.414	784.693	3680.216	948.628	762.271	624.055	964.78	606.056	718.406	412.515	525.989	746.02	234.455	551.773	217.505	978.799	3405.587	3662.659	219.098	199.408	368.42	304.198	3091.927	1158.247	251.071	479.877	238.154	327.786	478.276	447.817	797.058
rstcMAG_064 Enterocloster bolteae	372.441	399.953	325.655	133.649	343.935	455.356	527.724	117.916	313.771	206.006	297.747	140.255	251.888	445.176	513.072	145.692	142.351	163.525	242.856	537.294	474.951	456.707	650.06	654.178	427.705	618.871	584.256	770.703	534.056	482.53	90.958	124.72	172.347	176.165	134.537	96.638	238.374	453.082	535.287	160.257	176.231	150.907	141.306	645.027	335.728	82.372	317.524	210.7	171.067	362.163	270.387	377.952
rstcMAG_069 Streptococcus equinus	32408.453	16007.157	21432.715	17360.118	14206.762	19176.684	8090.098	7110.665	8611.472	8209.611	7808.086	5641.486	15769.728	28909.362	13053.185	17137.479	12704.807	12039.663	15530.859	14452.096	6436.781	8749.026	4163.771	2100.944	10335.924	9145.601	6318.836	5770.251	9321.324	8419.186	7055.477	5243.499	14574.479	6922.08	9412.278	5515.859	2212.336	22806.215	16337.42	6192.52	5733.466	6262.156	8553.422	2058.567	2460.508	19096.428	27850.702	9086.608	13675.38	14636.278	22058.754	7555.475
rstcMAG_070 Lachnospiraceae (UBA2912 sp900314775)	802.258	773.149	744.939	744.024	808.536	2593.65	42563.539	288.368	611.838	690.527	1969.621	354.246	359.084	475.544	436.75	339.611	367.139	381.799	1180.566	4394.317	15394.069	10688.518	55889.39	2427.794	4610.766	11077.967	4812.14	20528.187	9208.545	13719.057	1491.183	894.358	1020.425	1698.718	1791.615	2262.783	680.049	2695.168	6865.441	504.041	1016.527	797.043	989.279	2386.596	993.328	1000.685	2438.084	924.388	1208.153	781.916	718.577	12645.504
rstcMAG_071 Lachnospiraceae (XBB1006 sp024694785)	107.675	139.89	1009.012	657.982	675.793	1459.53	377.986	615.394	857.792	748.991	1246.888	1140.902	1004.295	90.792	368.089	908.519	812.343	1373.308	1603.502	1327.68	1062.502	851.138	1175.968	1572.959	67.69	126.915	559.785	1638.336	540.348	1274.506	404.693	244.757	1214.23	1075.565	385.991	419.511	557.737	94.699	96.769	422.031	620.005	382.193	663.851	1721.604	842.188	466.849	1184.866	384.746	1206.702	1841.624	1387.967	674.863
rstcMAG_072 Lachnospiraceae (SIG336)	697.447	857.997	1393.068	587.126	691.195	1198.763	920.701	172.937	224.341	230.364	232.609	161.776	195.994	382.211	256.772	217.206	203.461	220.286	231.504	1066.497	596.468	738.117	1054.444	2360.824	534.497	1205.642	551.0	614.738	974.789	710.041	159.764	112.923	162.153	135.829	149.65	124.423	715.934	279.958	341.463	116.936	105.707	120.794	118.441	2316.043	1113.238	455.548	852.082	634.523	870.721	1603.448	1249.838	788.702
rstcMAG_080 Bacteroidales(W3P20-009 sp015061285)	7711.016	6659.591	6948.095	2066.097	2195.413	4463.334	1520.85	165.808	208.02	201.953	258.842	200.813	217.957	1369.834	231.333	288.384	213.18	237.798	238.921	1121.717	2020.154	1536.342	854.175	1169.909	1339.123	2669.198	1435.889	1383.32	782.814	490.64	240.68	321.05	243.371	230.486	249.276	269.26	1468.755	1129.847	758.167	207.463	301.682	207.294	212.354	1184.721	1476.805	1451.182	2770.135	4596.395	2510.148	6676.251	10908.899	2288.073
rstcMAG_081 Borkfalkiaceae (UBA10281)	12.709	21.454	57.819	58.693	120.176	53.163	81.321	535.924	317.935	900.426	520.869	1263.836	3049.693	41.339	1573.833	495.141	660.839	3247.171	1549.691	45.659	62.666	62.158	95.316	190.976	27.079	27.656	61.541	73.526	85.509	44.555	536.572	1249.452	566.261	299.414	757.644	240.212	211.739	46.721	25.243	168.527	466.692	1102.284	708.551	209.168	712.376	65.077	42.002	52.551	55.895	29.187	66.567	66.427
rstcMAG_085 Bifidobacterium thermophilum	7094.53	6908.311	2806.498	1010.184	8618.626	1900.6	15786.125	2541.09	855.365	3186.642	3540.908	4961.06	350.929	2453.148	1224.74	1018.632	298.781	1693.107	532.077	34686.102	11078.646	26003.896	14820.273	357.741	31127.776	34198.407	31463.119	14221.906	17008.893	31427.421	2817.308	733.769	3410.804	946.368	3344.97	2829.535	231.847	5434.308	15794.057	1292.222	1166.883	1013.45	1250.133	400.043	312.468	11446.865	2625.207	8489.044	10926.029	18402.378	1996.651	15470.452
rstcMAG_091 Enterocloster aldenensis	405.048	512.097	680.386	150.214	276.104	542.42	943.318	191.074	273.831	228.935	259.075	193.985	531.642	806.778	369.41	404.533	279.81	216.757	299.161	583.648	852.146	602.884	1300.215	808.303	519.41	814.019	538.272	1132.833	599.534	1174.14	454.978	1001.517	550.168	544.864	479.879	440.556	298.117	860.842	2314.486	791.834	541.605	834.597	1590.185	789.26	420.512	126.379	557.836	193.157	175.316	420.925	344.049	862.835
rstcMAG_093 Limosilactobacillus panis	1949.019	2081.291	134.431	379.007	284.177	127.747	27614.894	40.381	22.932	37.187	55.588	31.492	31.884	153.069	82.155	43.968	22.912	29.075	31.675	3477.023	8213.634	4627.166	1824.796	81.975	111781.435	17172.387	224.136	11603.748	2446.827	1814.463	229.342	2124.889	335.003	548.664	383.005	305.121	73.601	24893.433	3848.151	43.229	1086.413	174.519	244.894	91.143	78.612	3231.041	219.252	453.51	380.581	91.753	386.156	5149.915
rstcMAG_095 Bacteroidales (UBA1217)	1454.506	1022.932	2098.725	3298.569	3433.703	1466.866	141.278	24944.065	76781.306	46715.698	134692.25	45212.659	38874.455	1362.806	8121.898	25603.251	28684.385	45414.693	62151.968	117.691	152.827	170.61	120.808	2134.617	113.81	132.857	128.546	110.829	169.727	110.577	2365.648	1584.067	1166.754	1207.207	2617.616	985.942	1648.242	1061.77	542.214	2167.088	703.097	2331.764	559.891	2258.618	1874.194	4094.48	2072.931	4655.313	13315.557	1107.188	1998.825	184.55
rstcMAG_098 Christensenellaceae (QANA01 sp019420265)	617.265	214.064	184.303	100.085	1086.105	283.325	188.978	554.289	374.57	3942.981	4481.281	531.93	353.006	3919.486	190.988	558.719	150.773	3109.709	880.635	262.122	199.8	305.233	517.495	906.36	605.726	702.817	231.563	277.068	219.547	224.35	91.151	102.345	122.267	161.149	129.619	101.466	663.422	1441.323	13054.27	111.984	101.011	123.333	116.939	1034.052	1370.462	107.372	135.461	655.247	375.829	196.486	265.402	125.871
rstcMAG_100 Enterocloster lavalensis	547.77	995.969	590.964	406.114	799.065	962.065	867.02	130.683	615.884	536.057	659.839	491.546	1242.473	763.752	566.946	524.601	824.369	511.361	927.658	924.405	641.637	915.466	1223.175	1436.833	381.524	646.11	946.324	755.54	955.152	1051.561	637.47	426.3	1203.896	214.585	645.112	281.547	420.005	518.844	604.152	558.328	165.172	693.604	1449.798	1447.167	632.729	47.526	764.886	331.841	335.471	827.083	1082.687	957.085
rstcMAG_104 Eubacterium_(T) saphenum_(A)	6155.211	16115.999	47414.552	13169.807	24421.547	28322.735	95738.447	710.233	834.332	2501.017	1308.58	687.83	879.988	1764.784	824.102	1282.354	1113.636	1097.206	1662.88	51844.956	66890.747	71852.591	149307.931	1858.706	34479.861	28270.9	89592.986	113756.312	92879.575	76539.139	2301.17	981.96	1230.047	2144.798	3044.809	2229.68	551.603	3165.444	5334.109	1320.685	2033.031	1783.58	1181.243	1753.348	806.83	7497.327	20604.963	15741.353	12262.44	22449.092	27402.469	73757.2
rstcMAG_110 Lactobacillus	6511.011	9834.012	2349.6	25886.383	31003.162	9600.236	5676.184	116.715	941.999	244.007	185.491	184.432	860.154	309.028	437.737	229.812	549.858	1220.324	470.616	696.884	1881.634	1055.084	3194.118	94.047	1200.792	2578.515	778.071	7136.111	23282.773	5037.073	137.856	368.396	82.517	135.119	164.142	267.522	139.289	264.441	456.326	83.008	441.911	840.102	361.349	112.174	162.404	1886.019	17577.502	2826.437	2333.611	2010.494	14760.245	962.489
rstcMAG_112 Dysosmobacter (sp017469475)	455.835	829.436	633.078	395.068	622.776	392.378	705.764	515.377	3208.302	2014.38	1796.018	5519.656	3101.658	6780.592	7132.36	3395.911	3142.063	2172.577	3119.824	919.762	467.328	584.45	645.267	5587.409	463.839	479.494	318.792	590.133	690.223	671.756	1071.932	4005.79	2493.592	792.22	2235.899	1588.273	1886.865	4868.971	3679.631	483.784	948.537	2243.397	2651.953	6112.256	2780.894	106.441	428.979	300.888	283.382	643.839	472.667	549.944
rstcMAG_127 Schwartzia succinivorans	6764.338	1932.558	11218.029	1789.797	8834.462	6142.119	3335.004	1252.737	1110.777	1267.439	1620.522	1251.419	1577.186	4511.339	890.34	2613.804	1195.033	2373.691	2041.549	6097.307	5092.754	3822.442	2801.952	813.976	1054.653	1930.439	4050.403	3979.475	3520.967	3151.107	1388.444	397.033	1867.846	816.069	900.539	695.392	756.729	1540.375	1388.552	2411.511	891.715	843.442	499.16	752.181	821.55	2785.186	3644.073	2866.528	2086.14	7199.321	4763.101	2205.045
rstcMAG_130 Oscillospirales (RGIG8002)	76.846	146.564	183.708	211.316	231.742	129.445	181.972	354.358	327.138	1190.845	551.827	534.175	908.495	272.811	519.979	1249.811	1397.474	1475.062	1664.429	184.819	137.345	124.078	175.255	2281.729	119.683	118.945	157.412	150.481	181.867	199.935	255.924	260.72	315.691	262.965	286.927	232.986	1143.611	245.802	228.065	299.476	263.002	366.645	291.16	2638.985	1679.17	99.004	116.3	375.603	151.076	101.509	161.844	178.765
rstcMAG_142 Lentihominibacter	79.126	110.063	355.454	121.854	227.542	486.555	1228.714	726.07	630.769	954.594	801.162	713.987	877.078	1399.446	813.034	828.052	758.7	1042.472	780.889	1772.903	946.82	1144.37	2484.031	2566.58	204.133	180.769	1496.64	2553.884	1459.12	2333.05	716.133	801.373	978.558	846.538	670.938	788.725	594.759	1250.424	578.424	728.186	770.435	927.969	840.158	2763.175	805.233	129.439	270.715	94.277	200.715	439.907	442.195	1055.068
rstcMAG_150 Lentihominibacter	92.649	135.147	403.034	167.983	213.659	201.143	359.308	855.684	784.871	1456.78	815.183	1031.113	1405.321	471.805	1205.933	2214.313	1665.398	1676.051	1067.793	555.398	287.267	333.005	439.69	3051.909	159.353	156.712	504.552	720.008	451.898	807.351	1266.951	1500.763	2145.616	1588.659	1305.579	1497.512	976.905	562.327	495.414	1737.267	1937.308	2396.867	2172.804	3292.611	1441.388	87.123	179.291	90.528	118.489	213.334	224.615	339.733
rstcMAG_155 Ligilactobacillus salivarius	1673.313	48979.29	968.816	63892.448	957.063	26666.117	4193.193	171.228	4083.546	3514.696	2899.13	2693.898	3509.446	262.66	3793.426	227.713	3033.579	187.697	4661.707	6208.129	11386.633	10025.669	9208.254	204.557	9420.768	7195.552	2210.208	6508.397	4713.386	8705.249	3355.135	606.747	570.767	2030.471	1398.42	1689.096	249.066	4614.641	4137.3	316.809	1290.193	237.574	2286.042	205.472	346.426	1943.522	45476.356	53539.605	26263.443	22958.193	35926.357	5555.415
rstcMAG_171 Eremiobacterota (JAKSUM01)	28.266	28.557	151.845	62.623	81.973	105.822	88.947	236.12	117.793	1363.61	714.198	226.722	990.969	52.195	89.154	2061.949	1026.999	3659.341	2622.685	104.955	111.334	92.259	76.767	471.454	31.26	31.677	68.896	210.51	63.975	107.723	268.804	1333.905	1511.403	2136.766	666.754	913.847	278.218	64.203	53.177	392.321	690.22	602.727	891.993	684.25	560.92	24.704	46.175	66.363	44.783	55.608	72.902	61.004
rstcMAG_172 Lactobacillus delbrueckii	5986.734	2182.518	12808.603	1780.397	11580.393	712.38	9682.984	171.65	656.431	223.545	154.552	220.53	152.425	532.74	196.825	1928.071	116.064	805.916	165.825	3661.112	7680.964	5060.222	6655.864	169.013	3847.025	6803.219	8872.783	3887.327	4149.469	3550.291	1352.981	800.79	409.285	611.102	758.044	898.01	54.343	1205.537	3140.324	952.112	360.323	365.591	278.337	179.459	91.897	1817.594	5897.011	4853.562	1868.499	983.827	879.55	7561.758
rstcMAG_173 Anaerovoracaceae (UBA1764)	92.559	215.025	403.676	636.819	209.51	397.558	894.609	11816.81	3735.588	3393.223	9512.519	10517.944	5403.37	255.862	1654.218	1174.255	6222.567	2150.779	4804.188	923.625	820.437	791.07	615.803	1573.962	105.245	135.039	774.212	623.973	444.355	712.266	39015.468	98018.114	41383.025	12683.378	23368.659	23815.118	562.051	306.973	303.098	15625.187	17993.126	12204.471	20162.108	1520.472	935.374	669.281	596.459	290.684	1002.818	1054.231	532.873	999.611
rstcMAG_175 Lachnospiraceae (UBA1066 sp900317045)	664.66	847.768	1211.764	323.277	835.203	705.473	1140.889	298.978	369.057	583.84	403.481	423.501	458.426	1262.707	560.598	483.414	491.471	447.533	591.944	1325.27	812.587	730.169	1764.004	2456.185	1260.749	1113.052	1065.002	1021.605	1326.928	1296.342	489.865	261.803	384.628	256.372	757.142	232.495	758.406	1802.422	1985.57	367.31	414.635	448.484	315.589	2366.729	1096.97	217.925	719.52	285.882	297.7	920.333	688.91	2528.874
rstcMAG_180 Paludibacteraceae (UBA1723 sp002371265)	19332.643	13979.336	6581.09	4814.235	6643.17	17781.964	1204.176	150.785	453.397	282.778	221.717	203.903	319.46	4751.346	258.459	183.441	258.354	215.567	336.153	2853.85	1320.214	2228.768	2170.258	1443.956	8857.525	7932.404	1420.721	3666.914	785.17	1314.372	144.879	136.627	98.905	82.996	144.12	110.433	930.982	2088.253	1633.711	218.481	362.29	122.256	138.132	2381.553	1030.334	814.608	9825.216	8413.4	6337.809	31193.763	19859.459	1520.984
rstcMAG_181 Clostridia (HGM11501)	22.119	381.873	307.867	191.171	91.307	258.229	49.97	7911.115	7851.559	3539.219	2650.852	4734.193	13572.277	67.073	20211.601	11654.149	4674.071	1950.564	19617.676	233.598	53.974	70.185	46.871	527.1	19.808	23.647	50.105	59.32	51.092	51.21	2149.808	588.436	22658.823	2856.628	7531.373	342.533	281.266	77.624	85.431	3725.281	2193.357	4217.366	747.848	578.361	489.934	256.037	137.959	102.295	138.955	91.547	428.86	62.038
rstcMAG_186 Ruminococcus	106.952	125.666	438.998	654.511	488.48	424.455	1200.895	64.187	73.064	82.627	99.592	62.785	88.403	80.996	72.979	107.059	107.711	85.739	91.639	1160.17	1288.84	1326.229	1740.889	4751.227	68.565	313.246	1763.457	2658.05	4956.673	2026.051	240.968	566.309	256.91	638.609	467.438	528.424	1128.409	141.369	258.706	637.501	521.981	1010.246	609.035	3976.509	1356.704	116.079	240.112	147.053	222.374	177.383	482.425	862.331
rstcMAG_189 Intestinimonas butyriciproducens	134.69	467.625	552.399	273.616	274.276	241.846	648.993	220.771	217.609	367.18	303.299	282.243	298.928	270.616	454.571	416.396	386.986	337.253	295.086	727.622	552.693	463.985	660.245	1727.51	351.458	96.855	845.696	712.484	686.513	610.382	210.42	289.93	329.13	302.615	272.694	227.274	508.331	395.038	386.199	262.903	280.904	394.802	288.275	1884.26	793.476	133.89	288.145	264.664	185.702	527.913	424.058	513.7
rstcMAG_193 Intestinimonas massiliensis	153.002	232.183	328.699	104.771	223.944	192.996	286.782	390.945	403.202	627.792	500.097	466.108	505.968	606.681	666.697	672.17	568.137	654.166	630.991	613.99	255.561	300.464	344.855	3668.793	280.847	415.79	327.979	300.751	422.802	412.819	355.667	673.032	1432.673	1247.056	1953.414	1368.048	1031.63	1039.893	9720.88	1061.277	950.858	6431.268	1560.386	4147.247	1653.966	78.842	181.393	84.353	104.986	184.827	191.608	259.89
rstcMAG_204 Anaerovoracaceae	455.487	352.94	1244.428	679.395	900.127	1114.938	619.371	321.437	271.231	314.066	485.77	297.535	311.482	151.711	125.754	349.311	189.316	379.088	389.292	1872.151	715.151	1042.744	505.481	590.238	268.133	1791.759	762.295	1060.585	1019.273	786.874	111.391	93.735	122.564	109.685	132.014	99.373	213.874	119.951	109.457	247.858	139.706	148.93	98.969	572.197	324.354	659.209	629.318	1662.317	551.215	1957.421	1650.872	667.419
rstcMAG_216 unclassified Oscillospiraceae	21.81	151.301	62.19	152.635	43.805	78.818	34.79	272.2	1354.113	172.141	1028.423	124.863	1020.544	63.202	2704.089	164.271	2518.709	172.464	866.448	106.587	144.155	60.059	42.758	537.536	16.408	21.834	145.679	46.527	41.488	39.681	77.715	70.802	384.69	2839.577	197.52	64.888	290.404	56.906	57.105	253.304	94.083	92.602	73.847	596.463	662.189	44.143	68.027	33.59	156.276	52.77	76.512	36.527
rstcMAG_217 Lachnospiraceae (UBA1066)	103.75	128.498	171.057	65.321	133.145	137.105	346.059	594.526	369.153	416.753	280.009	407.876	392.738	1031.192	395.139	661.933	439.425	532.14	481.801	349.832	190.63	185.205	346.326	2014.19	226.096	202.66	235.533	298.258	314.635	390.511	530.39	895.525	759.366	534.468	531.46	434.845	659.965	1962.808	1532.635	523.769	812.673	527.367	639.661	2002.652	913.824	86.803	132.258	61.073	67.873	143.356	127.526	324.925
rstcMAG_221 Acutalibacteraceae (UBA737)	73.086	135.009	397.648	931.49	476.235	266.603	64.018	221.681	8237.164	22985.159	15534.644	18746.756	12081.887	3245.75	2022.107	11807.882	27227.822	18047.379	16209.493	67.836	59.513	48.138	51.574	727.973	30.947	39.154	48.555	66.752	50.96	60.285	235.173	117.913	195.125	135.36	138.401	105.095	762.833	151.352	88.212	151.997	162.995	130.141	147.05	794.048	1899.468	33.356	200.947	867.207	976.445	217.167	515.185	56.683
rstcMAG_228 Lentilactobacillus buchneri	5148.235	1715.279	1184.665	2793.593	1155.305	800.32	1013.711	14.873	24.256	21.438	25.136	22.678	25.223	76.465	38.381	26.516	22.434	21.44	27.021	564.678	866.023	707.106	764.964	163.543	952.045	816.887	975.35	558.263	544.777	1210.767	30.261	33.48	20.369	21.787	27.14	21.147	222.059	88.797	87.682	19.064	15.356	21.153	16.242	211.817	523.359	1047.632	489.754	2473.527	2027.523	835.788	1452.503	797.13
rstcMAG_229 Butyrivibrio hungatei	767.091	654.906	2402.12	1205.128	2329.812	2705.593	5665.045	226.083	345.945	264.935	333.347	228.923	320.01	268.006	169.8	295.808	268.563	407.798	367.416	7491.899	6158.119	7640.0	4118.552	6942.271	410.927	1928.992	4507.612	9361.439	7258.621	5410.002	453.639	381.729	444.485	592.026	506.13	348.799	2519.656	264.785	461.632	409.032	918.362	402.902	468.86	5149.212	3783.196	1013.069	2033.45	1981.963	1468.62	2962.17	3518.243	3540.947
rstcMAG_230 Dialister (sp002320515)	367.608	13659.612	440.629	9282.446	435.276	18139.497	16351.538	99.94	4987.977	4385.148	7133.622	4511.582	4075.784	218.227	5892.955	181.888	4156.191	159.065	6404.094	23712.476	15622.678	17683.525	20582.338	540.747	20500.636	27107.597	18139.914	17230.573	20273.191	17640.154	4183.543	916.332	4796.289	3346.695	2402.943	2081.131	267.797	6136.983	7622.332	4987.106	3749.542	2015.546	2198.025	525.422	353.599	175.146	18124.103	7122.47	8114.752	18404.604	14086.012	15754.538
rstcMAG_234 Xenobiaceae	17.673	31.192	48.886	39.318	33.645	30.883	33.154	87.902	32.787	63.665	37.535	71.408	328.813	34.952	799.181	91.205	430.532	65.39	50.135	69.863	43.778	43.34	40.747	244.269	12.13	15.475	29.816	69.894	38.047	58.942	959.619	377.318	797.958	282.865	201.581	406.937	133.464	52.368	37.199	101.652	134.563	363.147	147.599	675.855	302.996	17.301	24.754	45.757	19.261	38.833	41.436	72.344
rstcMAG_237 Christensenellales (RUG563)	74.541	110.154	198.297	137.045	142.304	128.733	172.015	1217.726	963.514	1861.637	1340.35	2407.75	2174.242	819.508	1490.769	2051.091	1833.579	1842.059	1791.719	332.272	186.746	145.476	214.234	12197.706	114.374	100.725	214.145	213.844	324.676	327.938	859.572	1066.351	1535.289	1433.982	1097.966	2225.999	2179.776	621.985	626.667	1335.795	1201.634	7188.449	6209.172	12953.386	3624.442	85.837	129.412	93.177	119.643	150.231	157.753	282.441
rstcMAG_238 Limosilactobacillus mucosae	85518.18	74662.854	61055.878	153821.159	78540.602	60073.799	43122.413	1930.519	4953.234	5539.411	20151.86	14377.337	2143.218	9478.163	5973.487	12211.867	6835.423	5623.656	17649.382	47308.028	72763.829	54268.604	30051.084	68.099	59164.313	28667.09	52618.821	31898.23	40442.596	28137.38	20449.43	8130.718	11614.287	17924.481	12630.608	9587.583	43.791	23498.084	18218.35	7453.978	3788.629	3297.533	3731.08	61.538	58.175	36905.457	66025.051	107487.571	132936.702	44545.279	42635.003	59334.251
rstcMAG_244 Pyramidobacter (sp002007215)	940.07	961.436	2632.738	465.017	1204.995	1073.742	5558.564	12389.168	5671.315	10853.599	5528.695	11656.972	6386.794	15741.952	8155.51	15461.837	6587.778	11939.034	6681.597	7349.505	3968.002	4697.926	6196.974	1304.03	2822.941	4699.527	5705.565	7514.157	5107.679	8677.553	21194.928	17618.401	27915.468	17355.064	18453.416	16300.708	483.966	27607.718	39610.292	30620.878	22827.264	29757.242	25252.651	1282.808	650.349	876.117	887.822	519.569	615.485	1625.481	899.834	6209.083
rstcMAG_245 Bacilli (Tener-01)	14.364	78.089	113.048	97.839	58.87	75.901	21.495	614.758	1287.668	845.158	1129.778	643.412	579.576	49.243	2530.867	1129.18	647.08	513.008	457.872	86.63	100.861	75.546	19.671	616.281	9.443	13.474	71.174	73.746	47.339	32.784	3014.466	174.063	926.167	1196.794	468.558	123.02	942.356	82.286	82.531	1208.317	1347.133	453.16	276.012	1115.934	1539.595	61.689	114.6	61.247	165.925	84.382	133.428	237.927
rstcMAG_253 Christensenellales CAG-1782)	129.646	50.585	75.059	36.714	47.904	50.395	540.987	294.657	92.468	185.109	222.928	114.775	212.508	364.704	234.281	170.926	156.049	109.068	302.851	1455.076	1020.259	1566.133	1146.097	374.699	88.452	57.644	851.283	992.237	471.844	487.21	5716.837	4446.589	7059.281	3350.85	3519.701	4062.83	635.081	198.914	409.615	7610.489	7423.698	4732.117	4683.673	531.704	985.787	79.211	59.741	44.158	79.912	48.318	64.192	1378.224
rstcMAG_255 Borkfalkiaceae (UBA1259)	17.464	43.019	41.412	30.904	61.328	49.11	30.509	611.443	679.395	348.552	411.505	329.324	1045.847	203.191	736.143	605.258	473.324	1102.307	1355.371	25.643	33.253	59.724	26.367	366.654	14.363	14.566	46.601	34.259	33.048	35.3	670.893	826.79	520.256	1948.661	1867.346	1450.98	412.464	49.193	49.322	1711.76	936.927	420.484	717.479	429.889	1144.855	34.162	43.588	28.599	34.907	28.644	74.55	61.739
rstcMAG_268 Bacilli (CALVRE01)	73.085	67.637	65.008	107.544	74.972	70.275	50.542	122.821	149.82	95.992	216.861	139.337	132.373	151.123	197.322	107.645	139.658	120.61	131.856	45.401	77.347	50.695	36.304	1578.185	78.928	62.728	56.7	104.245	47.866	40.043	339.848	2219.63	187.09	1299.395	191.452	809.09	1683.543	1740.946	428.118	417.139	781.519	118.031	97.913	1800.527	2540.131	94.984	87.135	88.458	95.862	56.548	116.207	58.04
rstcMAG_276 Prevotella (sp902792635)	602.087	762.531	655.135	501.28	758.495	786.749	2087.754	302.185	303.464	254.913	422.651	290.887	291.126	584.024	382.999	304.143	309.857	339.902	378.317	4995.513	3032.433	4179.374	2437.74	2330.906	13730.809	30176.138	3198.129	2472.368	2044.271	3567.442	733.778	494.281	567.811	467.773	997.462	567.459	3831.969	3133.48	10456.802	407.174	626.88	439.32	759.52	2086.843	3702.451	595.844	684.496	539.551	1001.428	716.034	766.615	6720.635
rstcMAG_280 Lachnospiraceae (CAG-791 sp900317475)	364.11	939.733	463.544	172.998	571.923	580.705	2262.409	187.545	272.433	268.777	298.24	263.882	240.015	432.367	357.398	217.309	289.317	322.872	317.373	2087.516	951.018	885.471	2809.977	1883.979	2302.907	1640.921	1111.745	810.239	1862.347	2529.586	274.456	177.762	321.988	168.595	232.306	233.984	528.572	659.964	615.211	190.51	145.059	197.305	215.671	1769.304	738.891	174.376	552.907	168.451	232.822	563.213	448.384	2900.256
rstcMAG_284 Anaerovoracaceae (UBA3871 sp002392265)	183.378	145.736	695.515	467.902	281.492	358.529	142.465	6539.69	4646.178	8845.063	5188.908	12132.132	8073.265	562.973	1505.703	6486.231	4774.041	4893.23	3551.959	206.713	213.804	183.617	171.536	2656.408	72.372	98.571	153.715	276.335	176.986	322.826	247.961	300.766	404.454	274.464	338.706	266.144	1057.586	232.341	254.215	261.792	1362.822	326.201	585.695	2797.271	1433.682	430.099	365.11	397.089	561.199	1001.37	855.8	144.238
