#OTU ID	s1	s80	s4	s83	s123	s124	s125	s126	s127	s128	s129	s130	s131	s132	s133	s134	s44	s45	s46	s47	s48	s49	s50	s51	s52	s53	s54	s55	s100	s102	s104	s106	s108	s110	s11	s13	s15	s17	s19	s21	s23	s25	s27	s29	s31	s88	s90	s92	s94	s96	s98	s9
Acarbose and validamycin biosynthesis	42.0	44.0	0.0	7.0	26.0	72.0	111.0	56.0	129.0	103.0	140.0	135.0	98.0	88.0	74.0	93.0	72.0	108.0	85.0	80.0	104.0	154.0	158.0	114.0	64.0	65.0	49.0	108.0	51.0	86.0	26.0	43.0	79.0	53.0	239.0	123.0	199.0	161.0	444.0	80.0	117.0	188.0	175.0	210.0	257.0	63.0	88.0	23.0	52.0	95.0	30.0	226.0
Aflatoxin biosynthesis	128.0	164.0	183.0	278.0	115.0	93.0	132.0	106.0	148.0	94.0	172.0	67.0	101.0	113.0	95.0	98.0	47.0	81.0	59.0	70.0	136.0	78.0	130.0	143.0	63.0	60.0	125.0	61.0	117.0	133.0	154.0	148.0	156.0	131.0	49.0	44.0	78.0	75.0	51.0	36.0	72.0	92.0	102.0	29.0	61.0	107.0	146.0	59.0	162.0	107.0	257.0	68.0
Alanine, aspartate and glutamate metabolism	266279.0	269641.0	345447.0	322986.0	210814.0	214995.0	205337.0	227110.0	212527.0	209087.0	230126.0	226230.0	211845.0	220483.0	213945.0	210010.0	214989.0	220461.0	215378.0	224719.0	211692.0	240488.0	244110.0	233809.0	217668.0	233976.0	238717.0	238140.0	280993.0	276167.0	227022.0	350241.0	242958.0	227244.0	262524.0	240818.0	253161.0	246673.0	256142.0	299225.0	254666.0	248913.0	238268.0	244251.0	248371.0	388981.0	245052.0	313729.0	305211.0	228375.0	239237.0	247552.0
Amino acid related enzymes	27664.0	29196.0	34883.0	35002.0	18091.0	19753.0	19739.0	17364.0	17194.0	17711.0	15842.0	18141.0	15674.0	16103.0	17186.0	17110.0	16669.0	19900.0	19365.0	14589.0	16628.0	15177.0	15458.0	14571.0	16226.0	15118.0	16106.0	15738.0	13890.0	14132.0	17082.0	15067.0	16409.0	18142.0	24388.0	20685.0	19730.0	18839.0	24949.0	22514.0	17352.0	20185.0	22102.0	20999.0	20427.0	13630.0	16645.0	16536.0	14084.0	18893.0	18460.0	20927.0
Amino sugar and nucleotide sugar metabolism	656512.0	673529.0	864113.0	786331.0	629538.0	628909.0	595403.0	637194.0	615374.0	592958.0	626778.0	576635.0	587873.0	620224.0	607236.0	583400.0	593989.0	629381.0	568127.0	653028.0	589497.0	707156.0	606001.0	555256.0	599746.0	683128.0	603181.0	695708.0	629954.0	579428.0	544325.0	747958.0	555166.0	540713.0	517470.0	506338.0	509186.0	502373.0	488704.0	610620.0	555763.0	481766.0	472368.0	505639.0	499284.0	864563.0	550763.0	732739.0	666567.0	565468.0	565040.0	520387.0
Aminobenzoate degradation	2010.0	1887.0	914.0	988.0	2801.0	2990.0	2881.0	2958.0	3779.0	2928.0	3973.0	3324.0	3237.0	2992.0	2960.0	3207.0	2854.0	2654.0	2520.0	2532.0	3065.0	2879.0	4099.0	4466.0	1807.0	2083.0	2192.0	2231.0	16214.0	16227.0	6477.0	24847.0	10284.0	6353.0	9728.0	6394.0	9907.0	8496.0	5783.0	12910.0	9049.0	9064.0	6892.0	8042.0	8375.0	33563.0	9416.0	20151.0	18758.0	5152.0	8447.0	10625.0
Anthocyanin biosynthesis	0.0	0.0	0.0	0.0	14.0	33.0	53.0	36.0	29.0	51.0	39.0	33.0	35.0	49.0	49.0	33.0	53.0	35.0	71.0	92.0	36.0	117.0	50.0	55.0	62.0	77.0	224.0	203.0	0.0	10.0	18.0	30.0	13.0	6.0	1.0	0.0	1.0	2.0	2.0	1.0	1.0	2.0	4.0	0.0	1.0	4.0	0.0	59.0	18.0	2.0	2.0	4.0
Arabinogalactan biosynthesis - Mycobacterium	8376.0	7063.0	17903.0	14620.0	19082.0	20915.0	16191.0	21374.0	20059.0	17878.0	12986.0	18623.0	16310.0	15156.0	16093.0	19345.0	24834.0	21394.0	22997.0	26671.0	22597.0	29894.0	15270.0	14333.0	22972.0	28526.0	22747.0	27161.0	21193.0	17362.0	16253.0	28652.0	19325.0	15930.0	20839.0	20432.0	21298.0	22236.0	20432.0	23320.0	19914.0	22528.0	20979.0	21701.0	21411.0	42118.0	17963.0	27751.0	27749.0	16596.0	17032.0	22396.0
Arachidonic acid metabolism	27275.0	26156.0	53242.0	46231.0	22870.0	21282.0	20165.0	22060.0	19806.0	20792.0	20416.0	23066.0	20361.0	27345.0	27385.0	19261.0	19456.0	20657.0	16997.0	21427.0	20355.0	22358.0	20965.0	18600.0	18969.0	22895.0	22851.0	22319.0	14327.0	15889.0	16372.0	11912.0	16032.0	18588.0	17076.0	18766.0	17911.0	18363.0	19111.0	18954.0	18347.0	17619.0	19512.0	18053.0	19048.0	14647.0	16563.0	13452.0	15276.0	20127.0	17445.0	17140.0
Arginine and proline metabolism	176564.0	178417.0	203747.0	191979.0	153774.0	152669.0	157993.0	148915.0	154061.0	148273.0	161234.0	155787.0	154076.0	153269.0	153126.0	150309.0	141700.0	138219.0	150248.0	158068.0	139282.0	168115.0	159057.0	154724.0	150465.0	164742.0	175454.0	166254.0	204268.0	198276.0	179479.0	252123.0	186217.0	181156.0	203373.0	190614.0	194614.0	197804.0	208330.0	212209.0	187234.0	210270.0	196752.0	202913.0	202123.0	284391.0	189293.0	233222.0	210908.0	185350.0	180908.0	198784.0
Arginine biosynthesis	103154.0	109101.0	97138.0	94838.0	79197.0	80807.0	78300.0	82889.0	79931.0	79972.0	81857.0	80716.0	79171.0	81125.0	77121.0	81400.0	83053.0	84830.0	83823.0	90132.0	82035.0	93130.0	85439.0	82497.0	78480.0	91360.0	80745.0	90810.0	102917.0	90630.0	84643.0	117656.0	91251.0	86088.0	98364.0	98574.0	97097.0	95309.0	98718.0	95671.0	91650.0	96785.0	89796.0	94267.0	96309.0	134956.0	88843.0	109493.0	111576.0	91073.0	89843.0	97892.0
Ascorbate and aldarate metabolism	16722.0	15112.0	20557.0	18146.0	20128.0	19566.0	19606.0	21664.0	20237.0	19866.0	23000.0	22279.0	19337.0	17352.0	17380.0	19849.0	13843.0	16276.0	15854.0	15150.0	15767.0	15079.0	20007.0	21705.0	15466.0	14319.0	19113.0	15111.0	22486.0	25141.0	26125.0	34048.0	25759.0	22809.0	26046.0	26293.0	26139.0	25468.0	30027.0	27088.0	24919.0	30874.0	30861.0	28828.0	26351.0	18449.0	22225.0	33218.0	28047.0	21549.0	19558.0	31353.0
Atrazine degradation	264.0	352.0	364.0	396.0	527.0	438.0	508.0	479.0	605.0	657.0	627.0	485.0	492.0	438.0	399.0	532.0	352.0	496.0	555.0	388.0	424.0	367.0	544.0	630.0	323.0	217.0	356.0	537.0	143.0	236.0	64.0	79.0	119.0	221.0	1713.0	354.0	689.0	500.0	2114.0	474.0	489.0	499.0	929.0	728.0	555.0	46.0	163.0	55.0	121.0	99.0	154.0	521.0
Benzoate degradation	35659.0	36866.0	33698.0	37255.0	29901.0	31742.0	27663.0	23683.0	27848.0	28522.0	33993.0	28422.0	27822.0	23910.0	25321.0	29208.0	25841.0	30114.0	37072.0	21828.0	24923.0	23510.0	29852.0	32730.0	32258.0	21491.0	44449.0	22377.0	65119.0	56112.0	46270.0	99739.0	56901.0	44141.0	56564.0	48953.0	56739.0	55810.0	55694.0	65641.0	45877.0	58183.0	50515.0	57524.0	52991.0	132977.0	52432.0	89723.0	80628.0	40812.0	51047.0	64825.0
Benzoxazinoid biosynthesis	0.0	0.0	0.0	0.0	0.0	0.0	0.0	1.0	0.0	1.0	0.0	0.0	0.0	0.0	0.0	1.0	0.0	0.0	0.0	0.0	0.0	0.0	0.0	0.0	0.0	0.0	0.0	0.0	4.0	0.0	4.0	22.0	3.0	0.0	1.0	0.0	0.0	1.0	0.0	0.0	0.0	5.0	0.0	2.0	0.0	12.0	0.0	18.0	0.0	0.0	6.0	0.0
Betalain biosynthesis	0.0	0.0	0.0	0.0	758.0	908.0	1037.0	1159.0	926.0	836.0	1658.0	1085.0	1034.0	909.0	836.0	1284.0	1170.0	563.0	1345.0	1069.0	1030.0	974.0	2001.0	2677.0	1144.0	1124.0	944.0	918.0	2677.0	3521.0	4533.0	3091.0	4448.0	4949.0	7781.0	6986.0	6099.0	7034.0	10233.0	5665.0	5155.0	8009.0	7662.0	8412.0	7472.0	3310.0	5041.0	2681.0	2689.0	4318.0	4182.0	7134.0
Biofilm formation - Pseudomonas aeruginosa	2328.0	2350.0	1526.0	1653.0	2313.0	2273.0	2559.0	2375.0	2403.0	2958.0	3002.0	2901.0	2788.0	2463.0	2711.0	2825.0	2388.0	3568.0	2129.0	2157.0	2237.0	2038.0	3904.0	9754.0	1974.0	3149.0	2543.0	2553.0	2372.0	2555.0	2769.0	2346.0	2894.0	2618.0	5122.0	4200.0	3894.0	3530.0	5393.0	4382.0	3368.0	3445.0	3941.0	4422.0	4322.0	1959.0	2617.0	2390.0	2147.0	2476.0	2732.0	4339.0
Biosynthesis of ansamycins	522.0	569.0	874.0	850.0	574.0	717.0	1041.0	807.0	809.0	893.0	423.0	608.0	877.0	838.0	766.0	854.0	927.0	770.0	827.0	697.0	944.0	877.0	950.0	621.0	1093.0	1016.0	1863.0	962.0	5.0	44.0	148.0	126.0	62.0	144.0	721.0	239.0	413.0	206.0	163.0	2973.0	348.0	129.0	414.0	143.0	328.0	46.0	176.0	66.0	193.0	117.0	246.0	246.0
Biosynthesis of enediyne antibiotics	1095.0	834.0	2786.0	1691.0	2460.0	2468.0	1405.0	1835.0	1541.0	2697.0	715.0	2150.0	1489.0	2092.0	1858.0	2484.0	4819.0	2624.0	25074.0	2746.0	2208.0	2355.0	1749.0	1268.0	27057.0	2483.0	3639.0	2327.0	192.0	107.0	165.0	178.0	140.0	267.0	1070.0	272.0	531.0	426.0	1347.0	213.0	363.0	267.0	615.0	236.0	337.0	126.0	201.0	115.0	182.0	156.0	314.0	380.0
Biosynthesis of siderophore group nonribosomal peptides	12095.0	13470.0	19916.0	21210.0	6949.0	6007.0	6639.0	6698.0	6047.0	7622.0	6094.0	6994.0	6874.0	6969.0	7010.0	8106.0	6210.0	7238.0	5843.0	5733.0	6212.0	5757.0	8234.0	7027.0	5239.0	6347.0	6245.0	7606.0	2663.0	3317.0	4126.0	3276.0	3407.0	3402.0	3159.0	3868.0	3563.0	4126.0	3581.0	2979.0	3529.0	3937.0	4481.0	5124.0	4582.0	2641.0	3596.0	2413.0	2881.0	3088.0	3283.0	3040.0
Biosynthesis of type II polyketide backbone	95.0	39.0	79.0	115.0	41.0	22.0	18.0	30.0	7.0	28.0	27.0	24.0	23.0	25.0	24.0	17.0	23.0	9.0	15.0	18.0	8.0	19.0	17.0	22.0	37.0	18.0	8.0	10.0	0.0	0.0	3.0	0.0	4.0	2.0	2.0	2.0	5.0	0.0	7.0	0.0	0.0	3.0	1.0	3.0	2.0	0.0	0.0	10.0	0.0	0.0	2.0	0.0
Biosynthesis of type II polyketide products	668.0	663.0	285.0	336.0	417.0	538.0	524.0	376.0	523.0	572.0	221.0	301.0	546.0	438.0	524.0	436.0	185.0	1030.0	227.0	269.0	277.0	221.0	167.0	154.0	178.0	196.0	278.0	197.0	185.0	308.0	442.0	357.0	352.0	567.0	460.0	705.0	554.0	631.0	717.0	196.0	232.0	436.0	458.0	605.0	497.0	334.0	548.0	453.0	362.0	579.0	826.0	416.0
Biosynthesis of unsaturated fatty acids	1307.0	1133.0	1308.0	1676.0	4293.0	4146.0	6440.0	3836.0	3238.0	4463.0	2369.0	3850.0	4471.0	6534.0	6786.0	4717.0	3154.0	2062.0	4478.0	2921.0	2949.0	2489.0	1384.0	2286.0	5331.0	2391.0	3011.0	2564.0	1329.0	1647.0	1927.0	2044.0	1815.0	2213.0	3849.0	3942.0	3446.0	3320.0	2966.0	2845.0	3287.0	3126.0	3187.0	3358.0	3772.0	2161.0	2575.0	2532.0	2240.0	2749.0	2912.0	2616.0
Biosynthesis of vancomycin group antibiotics	3762.0	4144.0	2304.0	3315.0	2252.0	1953.0	2034.0	1737.0	2189.0	1734.0	2230.0	2216.0	1868.0	1844.0	1729.0	1960.0	3056.0	4357.0	3322.0	2210.0	2598.0	2779.0	2557.0	3187.0	2682.0	2622.0	2917.0	3097.0	3524.0	3200.0	3135.0	2377.0	2902.0	2522.0	9263.0	6134.0	5901.0	5622.0	9358.0	6584.0	5062.0	6300.0	6993.0	6938.0	6808.0	2213.0	2766.0	2342.0	2221.0	2658.0	2717.0	6161.0
Biotin metabolism	66151.0	67908.0	61744.0	65426.0	64973.0	68354.0	65153.0	71515.0	64841.0	62233.0	53674.0	63643.0	62266.0	66582.0	65691.0	68427.0	83007.0	69459.0	68394.0	74327.0	78350.0	73777.0	55548.0	51506.0	81979.0	70662.0	78504.0	68778.0	47378.0	51865.0	51457.0	64898.0	51078.0	53242.0	57062.0	57010.0	57971.0	56653.0	58918.0	59221.0	52898.0	61611.0	55806.0	56678.0	57613.0	64149.0	53560.0	55007.0	70070.0	55164.0	51120.0	58067.0
Bisphenol degradation	0.0	0.0	0.0	0.0	11.0	10.0	23.0	2.0	7.0	35.0	7.0	9.0	29.0	8.0	3.0	14.0	4.0	2.0	8.0	8.0	1.0	5.0	10.0	8.0	4.0	7.0	3.0	2.0	0.0	0.0	0.0	0.0	4.0	0.0	0.0	0.0	0.0	0.0	0.0	0.0	0.0	0.0	0.0	0.0	0.0	0.0	0.0	0.0	0.0	0.0	0.0	0.0
Brassinosteroid biosynthesis	137.0	71.0	339.0	362.0	177.0	170.0	78.0	78.0	102.0	67.0	331.0	62.0	81.0	73.0	99.0	85.0	200.0	148.0	175.0	82.0	220.0	165.0	343.0	319.0	85.0	94.0	92.0	202.0	30.0	62.0	20.0	104.0	80.0	32.0	127.0	108.0	114.0	202.0	282.0	33.0	51.0	193.0	158.0	154.0	171.0	64.0	53.0	144.0	57.0	37.0	74.0	166.0
Butanoate metabolism	138934.0	143540.0	142009.0	140426.0	160917.0	170982.0	157841.0	150861.0	158900.0	154924.0	176663.0	173632.0	159515.0	163672.0	159768.0	142664.0	147610.0	157234.0	149122.0	171027.0	139029.0	184021.0	143417.0	145174.0	131727.0	174719.0	148026.0	177241.0	146207.0	154608.0	146934.0	184888.0	145640.0	140169.0	201637.0	172818.0	173300.0	176831.0	224983.0	190073.0	161402.0	188829.0	190324.0	188830.0	186241.0	212867.0	152510.0	169479.0	163234.0	137508.0	139944.0	185099.0
C5-Branched dibasic acid metabolism	68104.0	70563.0	97316.0	84745.0	32494.0	31768.0	31601.0	30727.0	31435.0	33363.0	51245.0	38161.0	35476.0	31371.0	31434.0	34886.0	35875.0	37525.0	39555.0	33960.0	36887.0	36818.0	56147.0	58129.0	38768.0	37309.0	39902.0	41839.0	56540.0	56852.0	59598.0	43271.0	55615.0	61927.0	73345.0	71536.0	65128.0	67151.0	75567.0	75271.0	68184.0	67680.0	68548.0	66468.0	73490.0	49193.0	61336.0	47751.0	48891.0	68532.0	60342.0	60791.0
Caffeine metabolism	21.0	36.0	0.0	0.0	16.0	15.0	41.0	26.0	13.0	29.0	12.0	8.0	77.0	30.0	37.0	28.0	17.0	16.0	26.0	26.0	19.0	21.0	22.0	13.0	23.0	13.0	29.0	22.0	0.0	0.0	0.0	0.0	0.0	0.0	0.0	0.0	0.0	0.0	0.0	0.0	0.0	0.0	0.0	0.0	0.0	0.0	0.0	0.0	0.0	0.0	0.0	0.0
Caprolactam degradation	1220.0	1212.0	641.0	877.0	966.0	941.0	1265.0	1247.0	1210.0	1046.0	1905.0	1226.0	1298.0	1306.0	1129.0	1331.0	1151.0	1312.0	1267.0	1092.0	1264.0	1263.0	1806.0	2234.0	1059.0	1008.0	1017.0	1034.0	1842.0	1514.0	1660.0	2496.0	1480.0	1514.0	2255.0	1656.0	2060.0	1892.0	2234.0	4252.0	2397.0	1729.0	1815.0	1764.0	2039.0	1040.0	1203.0	1125.0	3237.0	1468.0	1051.0	1914.0
Carbapenem biosynthesis	1802.0	1946.0	1767.0	1865.0	3296.0	2798.0	3469.0	3000.0	3576.0	3522.0	2743.0	3166.0	3165.0	3176.0	2899.0	3144.0	2292.0	3019.0	2454.0	2123.0	2617.0	2283.0	2843.0	3789.0	1761.0	1857.0	2551.0	2469.0	1742.0	2481.0	3707.0	2332.0	3924.0	3482.0	2619.0	4332.0	2944.0	3566.0	3120.0	3321.0	2715.0	4834.0	3271.0	4522.0	3870.0	2569.0	3545.0	2548.0	2109.0	3298.0	2561.0	4073.0
Carbon fixation in photosynthetic organisms	1289.0	1234.0	5010.0	4196.0	662.0	667.0	528.0	570.0	565.0	589.0	249.0	669.0	659.0	524.0	666.0	584.0	601.0	534.0	580.0	554.0	521.0	408.0	309.0	292.0	799.0	464.0	592.0	507.0	126.0	110.0	140.0	127.0	82.0	125.0	71.0	79.0	80.0	85.0	93.0	84.0	121.0	68.0	132.0	113.0	56.0	81.0	110.0	172.0	108.0	93.0	106.0	69.0
Carbon fixation pathways in prokaryotes	80360.0	82783.0	91265.0	83552.0	64750.0	65027.0	68633.0	65108.0	67655.0	65187.0	64265.0	65447.0	65323.0	65081.0	62940.0	66774.0	65922.0	68839.0	70343.0	67236.0	65320.0	69770.0	59960.0	64944.0	63224.0	66171.0	63507.0	65607.0	103527.0	93771.0	86862.0	132353.0	91968.0	82134.0	96515.0	94862.0	94421.0	96721.0	97800.0	103557.0	85407.0	101243.0	90559.0	103769.0	95688.0	175363.0	91844.0	122234.0	112508.0	81524.0	87828.0	101013.0
Carotenoid biosynthesis	5475.0	5964.0	2803.0	4192.0	5066.0	4392.0	5143.0	4691.0	5545.0	4135.0	3542.0	4207.0	4258.0	4616.0	5396.0	4764.0	4824.0	4636.0	7956.0	5491.0	5324.0	4418.0	4366.0	3185.0	7784.0	5099.0	4520.0	4484.0	1043.0	1193.0	1300.0	1828.0	1363.0	1396.0	1893.0	1064.0	1235.0	1157.0	988.0	6421.0	1538.0	1164.0	1292.0	1008.0	900.0	1283.0	1107.0	2120.0	1538.0	1476.0	1804.0	1208.0
Cationic antimicrobial peptide (CAMP) resistance	338.0	371.0	329.0	400.0	1082.0	1192.0	2306.0	1434.0	1259.0	1620.0	1153.0	1247.0	1428.0	1433.0	1657.0	1820.0	2495.0	1687.0	7792.0	1434.0	1769.0	1423.0	1410.0	1702.0	8349.0	1626.0	2099.0	1905.0	835.0	1232.0	1009.0	1429.0	821.0	1672.0	1802.0	2092.0	1650.0	1627.0	2176.0	2076.0	2451.0	1825.0	2149.0	1827.0	2087.0	781.0	1823.0	1093.0	1062.0	1898.0	1372.0	1473.0
Chloroalkane and chloroalkene degradation	5073.0	5187.0	2077.0	2336.0	8615.0	9190.0	8550.0	7344.0	9645.0	8593.0	8693.0	8240.0	9020.0	9895.0	9627.0	7522.0	5334.0	5579.0	4292.0	10793.0	5206.0	12459.0	5498.0	5315.0	3994.0	11369.0	4694.0	11275.0	15134.0	11304.0	6296.0	22253.0	8409.0	5915.0	6948.0	5345.0	8629.0	7530.0	4459.0	9118.0	6483.0	6894.0	5584.0	6419.0	5299.0	29391.0	8102.0	18792.0	16783.0	4485.0	8133.0	8866.0
Chlorocyclohexane and chlorobenzene degradation	888.0	473.0	1897.0	2039.0	78.0	47.0	68.0	51.0	62.0	73.0	106.0	51.0	128.0	69.0	98.0	62.0	80.0	165.0	96.0	56.0	54.0	65.0	185.0	298.0	66.0	29.0	68.0	96.0	48.0	79.0	27.0	24.0	67.0	61.0	95.0	33.0	49.0	36.0	38.0	101.0	111.0	6.0	36.0	15.0	41.0	70.0	261.0	4.0	35.0	66.0	57.0	82.0
Citrate cycle (TCA cycle)	303322.0	311462.0	304988.0	316079.0	226036.0	219126.0	214689.0	223512.0	218985.0	215164.0	231549.0	231052.0	219880.0	228206.0	221876.0	211337.0	209936.0	216448.0	207936.0	228646.0	211809.0	241324.0	235701.0	230827.0	202210.0	235343.0	206488.0	236400.0	312272.0	282964.0	256877.0	380538.0	272448.0	250992.0	270974.0	259936.0	269345.0	265349.0	263711.0	310853.0	261420.0	273078.0	256895.0	261840.0	265960.0	419900.0	264027.0	339283.0	333024.0	252882.0	253646.0	266009.0
Clavulanic acid biosynthesis	0.0	0.0	0.0	0.0	0.0	0.0	0.0	0.0	2.0	0.0	0.0	2.0	2.0	1.0	0.0	1.0	0.0	8.0	0.0	0.0	0.0	6.0	0.0	3.0	0.0	0.0	0.0	4.0	0.0	0.0	0.0	0.0	0.0	0.0	0.0	0.0	0.0	0.0	0.0	0.0	0.0	0.0	0.0	0.0	0.0	0.0	0.0	0.0	0.0	0.0	0.0	0.0
Cutin, suberine and wax biosynthesis	217.0	250.0	272.0	339.0	86.0	58.0	34.0	30.0	56.0	32.0	19.0	40.0	18.0	27.0	39.0	25.0	9.0	29.0	14.0	13.0	32.0	21.0	25.0	11.0	14.0	13.0	23.0	20.0	47.0	65.0	79.0	248.0	59.0	22.0	24.0	22.0	27.0	29.0	23.0	23.0	31.0	19.0	39.0	25.0	26.0	108.0	9.0	576.0	106.0	11.0	42.0	42.0
Cyanoamino acid metabolism	104.0	107.0	0.0	0.0	51.0	93.0	162.0	157.0	149.0	173.0	42.0	139.0	122.0	97.0	108.0	140.0	83.0	77.0	110.0	108.0	84.0	103.0	46.0	38.0	78.0	96.0	86.0	78.0	20.0	31.0	109.0	137.0	152.0	117.0	309.0	212.0	125.0	222.0	280.0	24.0	29.0	163.0	192.0	328.0	353.0	117.0	124.0	181.0	142.0	130.0	161.0	235.0
Cysteine and methionine metabolism	395197.0	408333.0	462187.0	427125.0	333986.0	322277.0	315608.0	326533.0	325012.0	323004.0	329828.0	341526.0	321044.0	331555.0	329628.0	313908.0	352698.0	335877.0	331256.0	371902.0	331490.0	399653.0	336178.0	338400.0	323477.0	396605.0	333481.0	392779.0	425969.0	424191.0	372651.0	484182.0	378305.0	382144.0	411184.0	409363.0	402823.0	411175.0	423355.0	456429.0	398708.0	430330.0	397594.0	422500.0	415723.0	555721.0	396436.0	438632.0	442316.0	387673.0	377957.0	411165.0
Cytochrome P450	0.0	0.0	0.0	0.0	62.0	39.0	228.0	54.0	81.0	90.0	75.0	74.0	127.0	114.0	101.0	151.0	68.0	63.0	69.0	81.0	74.0	72.0	45.0	137.0	65.0	40.0	61.0	48.0	56.0	89.0	76.0	495.0	73.0	32.0	18.0	1.0	12.0	7.0	5.0	17.0	6.0	13.0	8.0	12.0	15.0	115.0	8.0	719.0	128.0	7.0	56.0	10.0
D-Alanine metabolism	59197.0	61295.0	85186.0	79709.0	76475.0	78372.0	79876.0	79866.0	74869.0	72911.0	74000.0	74035.0	76873.0	88129.0	87500.0	70762.0	75548.0	71696.0	67145.0	85907.0	74304.0	91208.0	68124.0	63355.0	70953.0	85152.0	77953.0	86072.0	86225.0	79597.0	66976.0	109894.0	75881.0	67579.0	76711.0	71754.0	75667.0	75821.0	73727.0	90736.0	73872.0	75517.0	70253.0	76021.0	72836.0	139719.0	73251.0	102371.0	98075.0	67867.0	72457.0	76237.0
D-Arginine and D-ornithine metabolism	2137.0	2427.0	171.0	261.0	2247.0	2425.0	2317.0	1838.0	2253.0	2391.0	2386.0	3181.0	2532.0	2218.0	2354.0	2091.0	2484.0	2232.0	2640.0	2775.0	2396.0	2704.0	2741.0	2724.0	2186.0	2391.0	2688.0	2484.0	763.0	1611.0	3527.0	1963.0	2090.0	2124.0	6986.0	4047.0	5301.0	5423.0	10334.0	3499.0	2594.0	7033.0	8029.0	6940.0	5869.0	1495.0	2106.0	2217.0	1522.0	1780.0	2346.0	5698.0
D-Glutamine and D-glutamate metabolism	83116.0	86376.0	96128.0	94128.0	93217.0	103496.0	96677.0	103304.0	96739.0	90137.0	89422.0	89705.0	90074.0	87536.0	88142.0	95552.0	115994.0	105782.0	88398.0	109075.0	114270.0	112945.0	89427.0	80078.0	101992.0	105313.0	103465.0	104501.0	106404.0	100165.0	82298.0	132979.0	90579.0	84459.0	95996.0	91661.0	95215.0	95000.0	91940.0	112040.0	93992.0	95243.0	90256.0	93851.0	93855.0	172646.0	89754.0	123960.0	121158.0	88477.0	88548.0	95995.0
Dioxin degradation	246.0	305.0	44.0	14.0	158.0	145.0	192.0	166.0	139.0	245.0	82.0	219.0	161.0	165.0	169.0	277.0	56.0	63.0	44.0	66.0	39.0	96.0	65.0	152.0	77.0	60.0	90.0	81.0	16.0	4.0	14.0	19.0	7.0	4.0	16.0	7.0	25.0	29.0	29.0	11.0	28.0	14.0	49.0	8.0	29.0	10.0	5.0	12.0	1.0	7.0	5.0	27.0
Diterpenoid biosynthesis	12.0	0.0	0.0	0.0	1.0	30.0	7.0	8.0	7.0	13.0	5.0	10.0	8.0	9.0	14.0	20.0	10.0	2.0	6.0	6.0	3.0	11.0	3.0	8.0	2.0	3.0	11.0	9.0	83.0	174.0	181.0	1063.0	182.0	42.0	32.0	5.0	32.0	24.0	9.0	25.0	16.0	45.0	17.0	30.0	18.0	225.0	17.0	1317.0	360.0	21.0	107.0	20.0
Ether lipid metabolism	4723.0	5120.0	9073.0	8463.0	2321.0	2131.0	2858.0	2729.0	2608.0	2860.0	2137.0	2710.0	2599.0	2685.0	2549.0	2897.0	2941.0	2188.0	2507.0	2737.0	2918.0	2553.0	2775.0	2792.0	2798.0	2781.0	3396.0	2584.0	618.0	1044.0	925.0	612.0	969.0	1001.0	1059.0	909.0	1070.0	1069.0	1210.0	688.0	1038.0	1428.0	1921.0	1097.0	1444.0	503.0	774.0	456.0	794.0	765.0	757.0	1443.0
Ethylbenzene degradation	125.0	143.0	0.0	0.0	31.0	22.0	21.0	19.0	10.0	9.0	23.0	21.0	13.0	47.0	11.0	20.0	26.0	6.0	34.0	18.0	29.0	20.0	9.0	4.0	27.0	14.0	25.0	28.0	0.0	0.0	4.0	3.0	6.0	2.0	1.0	2.0	2.0	3.0	4.0	0.0	1.0	1.0	2.0	0.0	6.0	1.0	5.0	0.0	4.0	0.0	0.0	2.0
Fatty acid biosynthesis	345750.0	357527.0	549358.0	491107.0	382978.0	366964.0	375533.0	382584.0	367024.0	361687.0	366471.0	335044.0	373144.0	407586.0	387205.0	342617.0	351671.0	364206.0	296225.0	453599.0	332977.0	495177.0	330274.0	296754.0	322350.0	470407.0	379257.0	465283.0	331481.0	309307.0	286666.0	409523.0	296495.0	293065.0	298637.0	297325.0	312402.0	298792.0	292818.0	337672.0	304269.0	295121.0	280815.0	293007.0	290519.0	475317.0	312026.0	375328.0	388485.0	304161.0	309753.0	301144.0
Fatty acid degradation	27886.0	30888.0	17995.0	19021.0	11296.0	11242.0	11360.0	12150.0	12028.0	12212.0	6404.0	10834.0	11348.0	12803.0	12438.0	12650.0	15034.0	19651.0	45007.0	11894.0	9741.0	12220.0	7945.0	7738.0	44125.0	12820.0	11474.0	12025.0	4078.0	4233.0	7268.0	4197.0	4641.0	5412.0	5028.0	5844.0	5378.0	4605.0	6798.0	4276.0	7102.0	7482.0	5604.0	5365.0	5617.0	4328.0	4215.0	3106.0	4470.0	5359.0	5729.0	5819.0
Fatty acid elongation	457.0	522.0	3242.0	3593.0	153.0	397.0	139.0	316.0	665.0	128.0	146.0	96.0	338.0	346.0	463.0	307.0	194.0	76.0	186.0	126.0	232.0	100.0	131.0	151.0	233.0	137.0	154.0	108.0	318.0	262.0	885.0	799.0	742.0	531.0	228.0	437.0	410.0	302.0	185.0	71.0	164.0	284.0	162.0	183.0	191.0	553.0	457.0	1030.0	535.0	739.0	475.0	206.0
Flavone and flavonol biosynthesis	15.0	27.0	0.0	0.0	35.0	341.0	31.0	551.0	63.0	352.0	151.0	149.0	387.0	874.0	556.0	470.0	13.0	36.0	40.0	45.0	34.0	38.0	22.0	38.0	18.0	24.0	66.0	29.0	5.0	8.0	10.0	63.0	15.0	8.0	6.0	12.0	2.0	12.0	0.0	0.0	3.0	4.0	5.0	1.0	2.0	3.0	5.0	55.0	18.0	3.0	17.0	2.0
Flavonoid biosynthesis	172.0	82.0	0.0	0.0	8.0	11.0	7.0	7.0	4.0	5.0	19.0	21.0	17.0	19.0	8.0	12.0	18.0	12.0	8.0	12.0	11.0	35.0	15.0	19.0	6.0	15.0	11.0	8.0	18.0	26.0	49.0	216.0	37.0	12.0	5.0	0.0	8.0	4.0	3.0	2.0	0.0	7.0	0.0	3.0	0.0	26.0	5.0	184.0	51.0	11.0	41.0	5.0
Fluorobenzoate degradation	1009.0	1099.0	117.0	105.0	493.0	551.0	491.0	269.0	700.0	357.0	591.0	335.0	563.0	479.0	343.0	338.0	265.0	595.0	397.0	568.0	612.0	447.0	786.0	477.0	470.0	469.0	748.0	670.0	13.0	9.0	16.0	34.0	30.0	15.0	13.0	24.0	26.0	25.0	41.0	39.0	14.0	26.0	49.0	19.0	52.0	31.0	6.0	30.0	32.0	26.0	13.0	21.0
Folate biosynthesis	155241.0	153756.0	213606.0	185273.0	189251.0	200123.0	187952.0	205277.0	187327.0	185056.0	169313.0	181024.0	182744.0	197014.0	191066.0	184052.0	209664.0	210338.0	203224.0	226259.0	201695.0	235880.0	169334.0	159258.0	210464.0	223131.0	194871.0	217188.0	170349.0	155946.0	158512.0	189125.0	159354.0	162931.0	171081.0	169861.0	165174.0	165984.0	175293.0	175762.0	162154.0	165473.0	166130.0	166258.0	164032.0	208555.0	161373.0	178497.0	183855.0	171659.0	159567.0	159175.0
Fructose and mannose metabolism	301474.0	295502.0	442309.0	409955.0	266689.0	267301.0	253285.0	272199.0	265684.0	260211.0	289676.0	262733.0	260853.0	263376.0	258187.0	247955.0	264651.0	264924.0	253128.0	302345.0	266486.0	323328.0	296129.0	276224.0	265152.0	305582.0	246547.0	307499.0	380863.0	371242.0	306143.0	561134.0	342789.0	301417.0	313792.0	297753.0	349576.0	339605.0	282843.0	393783.0	321301.0	325675.0	289241.0	329200.0	294305.0	632843.0	348056.0	485621.0	530249.0	290948.0	332178.0	364326.0
Furfural degradation	2295.0	2069.0	1029.0	823.0	2455.0	2262.0	2707.0	2282.0	2000.0	2759.0	328.0	2337.0	2282.0	2398.0	2084.0	2407.0	2076.0	2278.0	3898.0	3118.0	2533.0	2873.0	425.0	409.0	2869.0	2988.0	2662.0	2538.0	24.0	100.0	343.0	465.0	199.0	336.0	334.0	317.0	322.0	357.0	330.0	46.0	47.0	373.0	375.0	368.0	551.0	432.0	264.0	404.0	583.0	242.0	388.0	409.0
Galactose metabolism	647702.0	645356.0	869589.0	849282.0	474709.0	446334.0	424500.0	445655.0	469061.0	449443.0	535103.0	469416.0	445041.0	463557.0	449693.0	435139.0	433560.0	437766.0	387952.0	436540.0	422460.0	479967.0	565303.0	547958.0	403888.0	462045.0	448935.0	490459.0	626329.0	586785.0	488467.0	775796.0	542934.0	506176.0	545962.0	521207.0	529243.0	508291.0	488504.0	670915.0	574973.0	495136.0	462677.0	519805.0	518215.0	880161.0	552783.0	688539.0	697957.0	507428.0	538325.0	552486.0
Geraniol degradation	164.0	227.0	139.0	163.0	112.0	121.0	169.0	81.0	110.0	148.0	130.0	99.0	120.0	160.0	132.0	130.0	180.0	88.0	230.0	189.0	181.0	180.0	156.0	171.0	177.0	110.0	222.0	107.0	4.0	5.0	5.0	12.0	5.0	10.0	5.0	5.0	3.0	9.0	5.0	17.0	6.0	3.0	4.0	7.0	3.0	3.0	6.0	4.0	13.0	13.0	13.0	5.0
Glucosinolate biosynthesis	21.0	55.0	13.0	7.0	27.0	5.0	31.0	6.0	19.0	22.0	17.0	19.0	58.0	15.0	29.0	18.0	53.0	22.0	131.0	87.0	62.0	50.0	53.0	61.0	126.0	105.0	123.0	127.0	4.0	0.0	13.0	19.0	52.0	48.0	2.0	3.0	7.0	7.0	6.0	6.0	15.0	6.0	5.0	4.0	13.0	280.0	9.0	10.0	19.0	22.0	14.0	0.0
Glutathione metabolism	80049.0	73139.0	126131.0	117589.0	91342.0	92740.0	89350.0	93105.0	84491.0	85188.0	86851.0	87801.0	88315.0	94626.0	94076.0	83770.0	88765.0	84360.0	65830.0	102943.0	85000.0	111221.0	91439.0	83765.0	74757.0	107295.0	81592.0	106747.0	130376.0	117718.0	91804.0	180699.0	100895.0	86533.0	109388.0	87422.0	105055.0	101333.0	99981.0	123535.0	95169.0	102161.0	93945.0	98979.0	93658.0	229051.0	100480.0	159392.0	146842.0	81651.0	96933.0	103754.0
Glycerolipid metabolism	82512.0	87259.0	98885.0	79870.0	126618.0	124893.0	123142.0	116112.0	126082.0	121156.0	125900.0	110161.0	120999.0	116547.0	111596.0	124111.0	124603.0	123330.0	116626.0	116700.0	120114.0	120364.0	104579.0	107150.0	116961.0	108939.0	119262.0	108208.0	232429.0	200115.0	144656.0	313865.0	172441.0	148017.0	168041.0	152004.0	171017.0	170679.0	152499.0	214890.0	159995.0	168013.0	147903.0	172313.0	161228.0	401016.0	169213.0	274611.0	241021.0	140249.0	165036.0	177896.0
Glycerophospholipid metabolism	180179.0	178500.0	260277.0	216733.0	207768.0	213612.0	217097.0	221238.0	216067.0	208706.0	215092.0	206444.0	201963.0	208120.0	207741.0	215670.0	232866.0	234989.0	216395.0	222446.0	229096.0	227315.0	232704.0	225832.0	225347.0	219022.0	215863.0	220917.0	300044.0	260289.0	213823.0	377666.0	243528.0	213106.0	243322.0	220657.0	245501.0	239044.0	228660.0	287015.0	244069.0	249067.0	226905.0	243006.0	234513.0	482417.0	230607.0	341250.0	315087.0	206476.0	226537.0	254350.0
Glycine, serine and threonine metabolism	277153.0	289355.0	309334.0	294100.0	277463.0	280937.0	273950.0	276930.0	271053.0	262228.0	274997.0	276277.0	269634.0	279686.0	276402.0	254602.0	254025.0	252209.0	248044.0	283115.0	252802.0	297766.0	253909.0	254350.0	237272.0	291715.0	261724.0	290175.0	303088.0	286013.0	273174.0	351585.0	286435.0	269358.0	315336.0	320045.0	302449.0	314912.0	318253.0	346753.0	291057.0	338226.0	292679.0	333548.0	322143.0	434074.0	282796.0	338610.0	327699.0	277698.0	275575.0	319803.0
Glycolysis / Gluconeogenesis	915587.0	943275.0	1108842.0	1080441.0	912278.0	875040.0	872655.0	851062.0	862848.0	830431.0	807903.0	833535.0	830427.0	877281.0	857882.0	824119.0	853683.0	852463.0	829990.0	922013.0	831170.0	964602.0	771930.0	746275.0	831117.0	926145.0	812285.0	925798.0	999138.0	932755.0	786078.0	1335182.0	877398.0	772159.0	933920.0	835043.0	899051.0	888618.0	909274.0	1072026.0	844566.0	907069.0	856052.0	910162.0	878757.0	1554489.0	849996.0	1170287.0	1125295.0	759317.0	822129.0	918262.0
Glycosaminoglycan biosynthesis - chondroitin sulfate / dermatan sulfate	48.0	41.0	214.0	189.0	199.0	224.0	235.0	424.0	296.0	329.0	405.0	460.0	208.0	202.0	280.0	335.0	375.0	518.0	449.0	452.0	1232.0	449.0	629.0	496.0	232.0	395.0	377.0	267.0	471.0	646.0	449.0	375.0	633.0	787.0	1000.0	863.0	1119.0	849.0	1338.0	1409.0	830.0	1086.0	1100.0	1040.0	721.0	476.0	711.0	294.0	894.0	672.0	624.0	998.0
Glycosaminoglycan biosynthesis - heparan sulfate / heparin	285.0	107.0	342.0	210.0	15.0	10.0	19.0	9.0	12.0	26.0	32.0	11.0	17.0	17.0	9.0	15.0	16.0	16.0	16.0	12.0	4.0	2.0	21.0	14.0	8.0	2.0	39.0	7.0	2.0	0.0	10.0	49.0	8.0	2.0	0.0	0.0	0.0	1.0	0.0	0.0	0.0	4.0	0.0	3.0	2.0	6.0	3.0	17.0	3.0	3.0	6.0	0.0
Glycosaminoglycan biosynthesis - keratan sulfate	0.0	0.0	0.0	0.0	10.0	18.0	9.0	10.0	42.0	12.0	2.0	40.0	9.0	15.0	8.0	24.0	0.0	0.0	0.0	0.0	0.0	0.0	0.0	0.0	0.0	0.0	0.0	0.0	0.0	0.0	0.0	0.0	0.0	0.0	0.0	0.0	0.0	0.0	0.0	0.0	0.0	0.0	0.0	0.0	0.0	0.0	0.0	0.0	0.0	0.0	0.0	0.0
Glycosaminoglycan degradation	18988.0	16916.0	22586.0	23369.0	25462.0	22724.0	21562.0	26720.0	20371.0	22494.0	16881.0	26706.0	22207.0	30869.0	30695.0	22103.0	14531.0	18542.0	12413.0	34608.0	10505.0	37319.0	24379.0	23460.0	13143.0	40004.0	21360.0	39080.0	4405.0	5732.0	6827.0	5302.0	5210.0	5578.0	6252.0	6040.0	6502.0	5575.0	6066.0	8071.0	9806.0	5406.0	7365.0	5156.0	6403.0	5362.0	5078.0	4876.0	6879.0	6265.0	6075.0	4631.0
Glycosphingolipid biosynthesis - ganglio series	6.0	8.0	0.0	0.0	273.0	70.0	137.0	35.0	141.0	118.0	0.0	110.0	36.0	63.0	90.0	50.0	2.0	3.0	2.0	0.0	3.0	0.0	0.0	0.0	0.0	0.0	0.0	6.0	0.0	0.0	1.0	0.0	0.0	0.0	0.0	1.0	0.0	0.0	0.0	0.0	0.0	0.0	0.0	1.0	1.0	6.0	2.0	0.0	3.0	0.0	7.0	0.0
Glycosphingolipid biosynthesis - globo and isoglobo series	148.0	165.0	231.0	199.0	30.0	39.0	19.0	32.0	28.0	20.0	21.0	57.0	12.0	20.0	21.0	4.0	22.0	63.0	13.0	23.0	40.0	38.0	4.0	0.0	13.0	8.0	8.0	13.0	1.0	3.0	3.0	0.0	5.0	1.0	4.0	2.0	0.0	0.0	4.0	1.0	2.0	3.0	3.0	1.0	6.0	4.0	2.0	7.0	5.0	5.0	4.0	1.0
Glycosphingolipid biosynthesis - lacto and neolacto series	404.0	505.0	335.0	230.0	646.0	502.0	759.0	1218.0	997.0	512.0	1148.0	733.0	970.0	1118.0	699.0	1217.0	1635.0	1242.0	1592.0	1484.0	1397.0	1610.0	2422.0	2492.0	1813.0	1339.0	1434.0	1757.0	745.0	1253.0	1369.0	2939.0	855.0	2114.0	1281.0	1128.0	2024.0	1508.0	1018.0	1105.0	816.0	1007.0	1003.0	808.0	793.0	657.0	936.0	1081.0	4275.0	1978.0	782.0	1513.0
Glycosylphosphatidylinositol (GPI)-anchor biosynthesis	2006.0	1644.0	7898.0	8455.0	2381.0	2503.0	3989.0	2293.0	3584.0	3660.0	5143.0	2206.0	3802.0	2982.0	2369.0	2069.0	1086.0	1409.0	1024.0	769.0	992.0	934.0	1941.0	1927.0	826.0	1183.0	1340.0	1125.0	134.0	149.0	994.0	3716.0	829.0	498.0	395.0	736.0	663.0	912.0	660.0	517.0	505.0	678.0	600.0	675.0	630.0	177.0	128.0	733.0	677.0	269.0	777.0	614.0
Glycosyltransferases	121121.0	114204.0	282480.0	197426.0	255824.0	266219.0	216611.0	266462.0	226305.0	228977.0	208769.0	241715.0	202495.0	224593.0	234275.0	227219.0	206686.0	184213.0	169248.0	183589.0	206185.0	198735.0	228010.0	210334.0	197612.0	191788.0	188108.0	194617.0	282912.0	236720.0	206759.0	336732.0	228048.0	213858.0	210963.0	191365.0	215655.0	200755.0	193127.0	255983.0	227888.0	194539.0	197113.0	204495.0	196528.0	437781.0	221023.0	311825.0	282350.0	213472.0	213938.0	225331.0
Glyoxylate and dicarboxylate metabolism	433624.0	446818.0	525063.0	505831.0	404915.0	415780.0	394477.0	406956.0	396647.0	383886.0	370291.0	406342.0	391946.0	411250.0	407126.0	384155.0	414178.0	402422.0	398436.0	437235.0	402324.0	454344.0	374395.0	361769.0	416806.0	443384.0	432456.0	445312.0	337681.0	327499.0	335296.0	410982.0	342262.0	326950.0	344552.0	348528.0	333403.0	349032.0	365142.0	358592.0	335266.0	363276.0	342094.0	357385.0	356677.0	499307.0	338316.0	392813.0	369907.0	337507.0	330919.0	349982.0
Histidine metabolism	220686.0	227241.0	222815.0	211301.0	209114.0	207687.0	204665.0	208422.0	202558.0	201868.0	207088.0	203797.0	206646.0	217905.0	210653.0	195804.0	205827.0	210574.0	196109.0	244491.0	198690.0	253090.0	200278.0	190228.0	193363.0	247405.0	227170.0	249927.0	149441.0	151678.0	160403.0	169407.0	159639.0	163965.0	187133.0	198043.0	181680.0	185173.0	202578.0	180135.0	172686.0	200604.0	184484.0	193256.0	200278.0	150027.0	159574.0	153307.0	165097.0	174294.0	160746.0	180686.0
Indole alkaloid biosynthesis	0.0	0.0	0.0	0.0	0.0	0.0	0.0	0.0	0.0	0.0	0.0	0.0	0.0	0.0	0.0	0.0	0.0	0.0	0.0	0.0	0.0	0.0	0.0	0.0	0.0	0.0	0.0	0.0	237.0	402.0	377.0	1282.0	233.0	75.0	58.0	37.0	78.0	66.0	34.0	105.0	56.0	111.0	30.0	73.0	58.0	847.0	48.0	3835.0	476.0	32.0	203.0	114.0
Inositol phosphate metabolism	60272.0	59984.0	119239.0	120042.0	57651.0	55405.0	61555.0	58602.0	59682.0	60327.0	59623.0	60656.0	58553.0	54032.0	55612.0	60749.0	63509.0	71217.0	56680.0	59524.0	66528.0	60452.0	69452.0	69408.0	56976.0	60875.0	65189.0	65171.0	61948.0	52334.0	47960.0	82368.0	48916.0	42435.0	48192.0	42817.0	51696.0	50061.0	44265.0	55312.0	49459.0	47843.0	47123.0	46460.0	46026.0	104874.0	47523.0	75921.0	70524.0	41083.0	48437.0	50281.0
Insect hormone biosynthesis	71.0	65.0	28.0	48.0	4.0	2.0	5.0	0.0	9.0	3.0	0.0	7.0	3.0	0.0	12.0	1.0	19.0	12.0	24.0	17.0	34.0	11.0	0.0	0.0	5.0	27.0	5.0	17.0	1.0	2.0	3.0	7.0	1.0	2.0	2.0	0.0	0.0	5.0	0.0	3.0	1.0	2.0	1.0	1.0	0.0	9.0	0.0	4.0	0.0	3.0	0.0	1.0
Isoflavonoid biosynthesis	2565.0	2136.0	4322.0	4108.0	1572.0	1691.0	1138.0	1537.0	1385.0	1383.0	2662.0	1940.0	1600.0	1473.0	1089.0	1766.0	1457.0	1462.0	1554.0	1260.0	1709.0	1912.0	3309.0	2181.0	1716.0	1381.0	1989.0	2146.0	820.0	1049.0	1788.0	1383.0	1462.0	1785.0	506.0	712.0	603.0	710.0	642.0	595.0	878.0	666.0	801.0	688.0	659.0	1098.0	1618.0	1066.0	1494.0	1656.0	1840.0	760.0
Limonene and pinene degradation	5115.0	4977.0	3793.0	4297.0	2790.0	2299.0	2694.0	2288.0	3261.0	2838.0	2992.0	3224.0	2901.0	2572.0	2916.0	3124.0	2017.0	2514.0	2360.0	2266.0	2168.0	2515.0	3598.0	2969.0	2192.0	2475.0	2525.0	2568.0	8681.0	7760.0	3902.0	8941.0	5890.0	3770.0	3972.0	2621.0	3290.0	3278.0	3453.0	3773.0	2743.0	2940.0	3178.0	3824.0	3311.0	11406.0	4966.0	6697.0	6237.0	3241.0	4236.0	3064.0
Linoleic acid metabolism	0.0	0.0	0.0	0.0	1.0	7.0	7.0	0.0	7.0	4.0	13.0	5.0	37.0	8.0	20.0	5.0	19.0	10.0	19.0	16.0	6.0	12.0	7.0	3.0	11.0	7.0	31.0	10.0	8.0	15.0	19.0	120.0	35.0	13.0	5.0	1.0	2.0	0.0	0.0	2.0	1.0	4.0	4.0	2.0	0.0	18.0	0.0	193.0	44.0	0.0	7.0	3.0
Lipid biosynthesis proteins	42545.0	44895.0	45598.0	44974.0	24990.0	24787.0	26108.0	26753.0	28104.0	26630.0	18187.0	26093.0	23674.0	26053.0	23573.0	27505.0	22954.0	28209.0	29957.0	23809.0	25317.0	24770.0	22324.0	19354.0	25961.0	23594.0	35982.0	25592.0	8163.0	8295.0	11105.0	10207.0	11652.0	11629.0	7853.0	12061.0	9026.0	11939.0	10656.0	6964.0	9071.0	12705.0	10227.0	11462.0	12615.0	7800.0	9191.0	9869.0	9901.0	11754.0	12027.0	11004.0
Lipoarabinomannan (LAM) biosynthesis	5911.0	6285.0	5576.0	4162.0	5189.0	7148.0	8414.0	7321.0	5440.0	5690.0	4086.0	6376.0	6063.0	5170.0	7118.0	8046.0	6791.0	6591.0	4656.0	4935.0	7721.0	5523.0	6079.0	5375.0	7300.0	4252.0	11377.0	4701.0	3399.0	3334.0	4091.0	3484.0	4192.0	3317.0	9022.0	7464.0	7364.0	5898.0	5158.0	6722.0	7573.0	6878.0	6414.0	5843.0	7180.0	4531.0	3633.0	3845.0	5293.0	4988.0	4041.0	6018.0
Lipoic acid metabolism	9004.0	8626.0	14207.0	13122.0	17438.0	19423.0	19067.0	18032.0	14472.0	16010.0	13625.0	18227.0	14217.0	13476.0	16017.0	17395.0	21518.0	18307.0	20705.0	14420.0	21665.0	14522.0	17698.0	16903.0	25076.0	12869.0	22943.0	14635.0	14509.0	22836.0	10183.0	15659.0	8614.0	8339.0	18865.0	11990.0	14611.0	13602.0	21201.0	17709.0	15243.0	15027.0	17638.0	14636.0	16785.0	20122.0	8868.0	14349.0	12820.0	8510.0	9586.0	13235.0
Lipopolysaccharide biosynthesis	152596.0	148756.0	342592.0	295286.0	260209.0	263399.0	255899.0	285517.0	247169.0	242802.0	219068.0	242635.0	253729.0	290791.0	296746.0	243253.0	284922.0	262337.0	268624.0	340801.0	257715.0	363442.0	235913.0	204414.0	307037.0	354861.0	282574.0	346633.0	177834.0	165944.0	177239.0	161792.0	163491.0	187476.0	138172.0	160145.0	152279.0	148100.0	139966.0	169834.0	178111.0	135462.0	148378.0	132852.0	143080.0	183731.0	170659.0	165319.0	187603.0	207052.0	165250.0	134063.0
Lipopolysaccharide biosynthesis proteins	96936.0	93043.0	184939.0	136208.0	140332.0	128473.0	127241.0	134426.0	123911.0	126015.0	121982.0	120315.0	128108.0	160813.0	155855.0	122344.0	114508.0	113213.0	112882.0	147989.0	111786.0	164781.0	136529.0	116334.0	119055.0	157935.0	131562.0	160346.0	128669.0	124639.0	121999.0	133438.0	125058.0	129206.0	151861.0	155893.0	148079.0	140474.0	149162.0	160547.0	150866.0	147747.0	140943.0	150259.0	151191.0	144203.0	125714.0	131789.0	142213.0	135508.0	122326.0	154119.0
Lysine biosynthesis	268436.0	280690.0	319105.0	309387.0	240696.0	249211.0	247369.0	251375.0	252899.0	241657.0	261856.0	247059.0	244959.0	248846.0	245487.0	257022.0	266480.0	256898.0	267799.0	278364.0	261103.0	287883.0	268619.0	272452.0	262712.0	273900.0	256762.0	277615.0	452931.0	400138.0	313580.0	573540.0	352013.0	304172.0	379296.0	338394.0	368631.0	354675.0	350054.0	447641.0	352676.0	365408.0	333265.0	355974.0	354789.0	707669.0	345506.0	505506.0	481134.0	300732.0	332366.0	373143.0
Lysine degradation	24670.0	26315.0	27335.0	30664.0	69616.0	67629.0	65909.0	56906.0	59164.0	61063.0	51681.0	64518.0	62870.0	74409.0	75678.0	50513.0	45786.0	49362.0	41394.0	66973.0	37711.0	76776.0	45191.0	35855.0	41774.0	72923.0	74181.0	72388.0	7676.0	14188.0	13084.0	13336.0	12324.0	11921.0	18110.0	19897.0	15759.0	16873.0	21043.0	20589.0	15582.0	21511.0	17584.0	21985.0	21541.0	11984.0	12203.0	11334.0	12199.0	12461.0	11727.0	20316.0
Mannose type O-glycan biosynthesis	5288.0	6072.0	2068.0	2363.0	4200.0	3905.0	3949.0	3720.0	4409.0	3858.0	2994.0	3301.0	2927.0	3001.0	3616.0	3323.0	2114.0	2194.0	2454.0	2437.0	2610.0	2649.0	2145.0	4119.0	2095.0	2083.0	3001.0	3140.0	2651.0	3766.0	1708.0	2231.0	2847.0	2348.0	11528.0	9416.0	7229.0	4478.0	7042.0	8372.0	7330.0	5940.0	4950.0	8033.0	9419.0	2813.0	2611.0	2594.0	2666.0	3255.0	2473.0	8533.0
Metabolism of xenobiotics by cytochrome P450	556.0	745.0	282.0	471.0	1595.0	756.0	1713.0	2393.0	1197.0	1460.0	644.0	1278.0	1918.0	7265.0	6473.0	533.0	137.0	317.0	241.0	220.0	350.0	333.0	671.0	628.0	146.0	228.0	393.0	447.0	459.0	312.0	118.0	250.0	234.0	332.0	74.0	129.0	80.0	176.0	134.0	264.0	302.0	87.0	169.0	154.0	112.0	57.0	192.0	306.0	195.0	634.0	536.0	65.0
Methane metabolism	211085.0	210055.0	154172.0	135607.0	192484.0	195919.0	223196.0	206689.0	200709.0	203167.0	132231.0	204222.0	191030.0	209749.0	200626.0	188876.0	196430.0	189958.0	239410.0	252570.0	200414.0	257517.0	109390.0	109786.0	211321.0	261733.0	219511.0	244176.0	109007.0	110183.0	116233.0	161390.0	116427.0	112594.0	143232.0	142403.0	138656.0	141886.0	152173.0	129952.0	109850.0	148321.0	140030.0	147088.0	144126.0	153338.0	122569.0	141918.0	154860.0	118327.0	122906.0	144826.0
Monobactam biosynthesis	71.0	61.0	13.0	91.0	2.0	0.0	0.0	0.0	3.0	3.0	3.0	0.0	2.0	2.0	4.0	1.0	3.0	1.0	6.0	4.0	7.0	1.0	6.0	3.0	7.0	7.0	7.0	0.0	0.0	0.0	0.0	1.0	0.0	0.0	3.0	2.0	0.0	3.0	12.0	0.0	6.0	4.0	2.0	3.0	3.0	0.0	0.0	6.0	0.0	5.0	4.0	5.0
Monoterpenoid biosynthesis	828.0	668.0	2030.0	2472.0	682.0	489.0	209.0	263.0	329.0	302.0	553.0	558.0	227.0	310.0	286.0	390.0	123.0	294.0	147.0	97.0	93.0	69.0	343.0	131.0	109.0	63.0	185.0	152.0	87.0	128.0	48.0	127.0	72.0	82.0	16.0	16.0	16.0	21.0	8.0	49.0	32.0	23.0	7.0	16.0	19.0	278.0	222.0	161.0	74.0	69.0	49.0	10.0
Mucin type O-glycan biosynthesis	21.0	25.0	598.0	468.0	24.0	57.0	41.0	9.0	345.0	57.0	13.0	13.0	16.0	29.0	67.0	17.0	37.0	68.0	49.0	51.0	92.0	83.0	28.0	18.0	42.0	33.0	48.0	97.0	74.0	75.0	95.0	99.0	68.0	119.0	174.0	72.0	298.0	127.0	90.0	20.0	36.0	169.0	143.0	60.0	102.0	130.0	114.0	126.0	183.0	193.0	97.0	129.0
N-Glycan biosynthesis	37336.0	38006.0	73413.0	64272.0	56754.0	55201.0	60231.0	57831.0	53438.0	52335.0	43080.0	50368.0	53251.0	60761.0	61551.0	45538.0	57347.0	56024.0	50347.0	83872.0	52800.0	90969.0	37804.0	34298.0	55519.0	86334.0	62626.0	83557.0	19945.0	23397.0	22227.0	23612.0	21875.0	23845.0	29563.0	27952.0	29013.0	26032.0	29418.0	27667.0	30491.0	30893.0	29184.0	26645.0	30200.0	20221.0	24270.0	22440.0	28223.0	27462.0	24666.0	28686.0
Naphthalene degradation	0.0	0.0	0.0	0.0	17.0	15.0	43.0	2.0	34.0	23.0	13.0	20.0	20.0	26.0	25.0	24.0	19.0	16.0	14.0	23.0	17.0	24.0	5.0	25.0	25.0	10.0	15.0	18.0	0.0	0.0	1.0	6.0	3.0	0.0	0.0	1.0	0.0	1.0	0.0	0.0	0.0	0.0	1.0	0.0	4.0	6.0	0.0	3.0	10.0	0.0	0.0	1.0
Neomycin, kanamycin and gentamicin biosynthesis	0.0	0.0	9.0	14.0	37.0	12.0	104.0	12.0	54.0	13.0	10.0	14.0	28.0	43.0	16.0	34.0	12.0	74.0	25.0	34.0	25.0	30.0	6.0	3.0	19.0	31.0	21.0	13.0	0.0	0.0	1.0	0.0	3.0	0.0	0.0	0.0	0.0	0.0	0.0	0.0	0.0	0.0	0.0	0.0	0.0	1.0	0.0	0.0	0.0	0.0	0.0	0.0
Nicotinate and nicotinamide metabolism	157479.0	163257.0	201256.0	185839.0	172799.0	177464.0	182926.0	178254.0	174410.0	166611.0	177127.0	173433.0	173838.0	178474.0	183010.0	164817.0	179563.0	166992.0	179826.0	195259.0	171663.0	201627.0	173665.0	167614.0	181932.0	200103.0	175466.0	193761.0	215212.0	205712.0	179370.0	263406.0	195110.0	179525.0	214287.0	201933.0	210265.0	205387.0	204262.0	241805.0	200655.0	211277.0	201701.0	210851.0	204043.0	339475.0	189877.0	238506.0	247910.0	179181.0	184953.0	211172.0
Nitrogen metabolism	269291.0	275509.0	324445.0	310963.0	168710.0	170307.0	168366.0	174957.0	168203.0	166397.0	177596.0	165026.0	175606.0	181299.0	175159.0	168945.0	173261.0	175101.0	177816.0	195424.0	174769.0	210244.0	177763.0	172734.0	176082.0	209202.0	188470.0	211483.0	173160.0	179321.0	195853.0	164920.0	193771.0	195305.0	211290.0	220113.0	198733.0	205933.0	226367.0	218515.0	206279.0	215441.0	204663.0	206302.0	220337.0	187713.0	185600.0	170861.0	185351.0	211812.0	190356.0	193254.0
Nitrotoluene degradation	3738.0	2971.0	5493.0	5709.0	4486.0	5050.0	3924.0	4163.0	4527.0	4487.0	5219.0	5558.0	4990.0	3834.0	4852.0	5083.0	3785.0	4099.0	3659.0	3485.0	3229.0	3294.0	4870.0	4901.0	3237.0	2899.0	3847.0	2873.0	9974.0	6566.0	8871.0	11137.0	9072.0	6956.0	4113.0	5374.0	4900.0	4694.0	3306.0	8364.0	4941.0	4291.0	3661.0	3960.0	3236.0	8760.0	6838.0	10093.0	8419.0	7675.0	6145.0	4272.0
Nonribosomal peptide structures	68386.0	59834.0	251409.0	179089.0	56667.0	48385.0	44186.0	52582.0	53565.0	53541.0	36486.0	48588.0	51290.0	47266.0	50023.0	52527.0	42496.0	68680.0	54564.0	32524.0	44567.0	38355.0	58052.0	56142.0	45877.0	38648.0	73561.0	40430.0	22298.0	19995.0	26870.0	22010.0	22512.0	27422.0	22046.0	18812.0	23936.0	21358.0	21230.0	17090.0	17491.0	20535.0	22918.0	19509.0	19934.0	23043.0	21564.0	21730.0	25024.0	30129.0	21972.0	17960.0
Novobiocin biosynthesis	0.0	8.0	82.0	101.0	4.0	20.0	11.0	23.0	16.0	4.0	39.0	21.0	21.0	17.0	26.0	3.0	27.0	45.0	37.0	14.0	38.0	24.0	30.0	21.0	25.0	23.0	67.0	121.0	0.0	0.0	0.0	0.0	0.0	0.0	0.0	0.0	6.0	4.0	1.0	0.0	43.0	0.0	0.0	5.0	7.0	0.0	0.0	0.0	0.0	0.0	0.0	2.0
One carbon pool by folate	30994.0	31524.0	38253.0	36113.0	52388.0	51629.0	51328.0	54246.0	48618.0	47117.0	44606.0	45824.0	45666.0	49926.0	48064.0	46976.0	57139.0	54750.0	46645.0	52358.0	53867.0	55706.0	42014.0	42276.0	54530.0	51419.0	49040.0	51479.0	53288.0	48871.0	41777.0	69331.0	46171.0	41490.0	49884.0	45317.0	47529.0	47695.0	46725.0	53685.0	43559.0	48822.0	45168.0	49554.0	46622.0	89016.0	45676.0	63555.0	59331.0	39824.0	44797.0	50253.0
Oocyte meiosis	1247.0	841.0	7906.0	7345.0	20.0	20.0	2.0	19.0	11.0	5.0	55.0	40.0	16.0	9.0	7.0	3.0	8.0	20.0	12.0	2.0	6.0	9.0	15.0	11.0	6.0	7.0	2.0	4.0	0.0	0.0	5.0	12.0	8.0	5.0	0.0	0.0	0.0	0.0	0.0	0.0	0.0	5.0	2.0	0.0	1.0	0.0	0.0	0.0	0.0	0.0	0.0	0.0
Other glycan degradation	139781.0	142547.0	204599.0	191716.0	146975.0	144856.0	130179.0	135416.0	133131.0	136104.0	136312.0	141041.0	128391.0	142399.0	138159.0	129020.0	101996.0	111380.0	99812.0	130702.0	102302.0	142247.0	152636.0	136479.0	105398.0	152203.0	127996.0	159747.0	76944.0	87304.0	85024.0	91343.0	80659.0	82964.0	79571.0	85872.0	77855.0	77362.0	76461.0	92110.0	89750.0	71672.0	77406.0	79647.0	84553.0	97699.0	82078.0	113787.0	93585.0	90767.0	87809.0	74921.0
Other types of O-glycan biosynthesis	1220.0	742.0	3068.0	2756.0	1437.0	1917.0	1881.0	2509.0	1813.0	1709.0	2347.0	2200.0	2670.0	1929.0	1987.0	1926.0	1870.0	794.0	1841.0	1473.0	1623.0	1521.0	3515.0	2308.0	2251.0	1826.0	1370.0	1010.0	4759.0	4162.0	7528.0	7047.0	7258.0	5747.0	2639.0	3224.0	4169.0	3499.0	1747.0	2568.0	2449.0	3144.0	2577.0	2749.0	2319.0	5539.0	4538.0	7981.0	8979.0	7515.0	4931.0	3334.0
Oxidative phosphorylation	460679.0	476847.0	507799.0	492861.0	410479.0	412026.0	430915.0	409100.0	402389.0	394930.0	395317.0	390423.0	412140.0	432268.0	423847.0	399607.0	428179.0	438286.0	397683.0	466363.0	410520.0	496503.0	380798.0	367049.0	408223.0	480768.0	368105.0	475243.0	484533.0	457748.0	428067.0	633340.0	454259.0	409234.0	505144.0	463742.0	473312.0	479777.0	508767.0	528353.0	453956.0	505211.0	465579.0	494782.0	489615.0	768733.0	424371.0	608472.0	525064.0	405491.0	428653.0	501512.0
Pantothenate and CoA biosynthesis	92044.0	91612.0	134689.0	122700.0	101284.0	100829.0	102932.0	106784.0	101965.0	96592.0	101114.0	99421.0	100967.0	112733.0	112075.0	95735.0	108957.0	101041.0	112865.0	119561.0	103748.0	128395.0	107080.0	106963.0	114116.0	121474.0	114055.0	122019.0	147978.0	141146.0	114954.0	187246.0	123907.0	114747.0	134034.0	121402.0	132262.0	129115.0	136879.0	148403.0	131994.0	132457.0	125701.0	128984.0	128198.0	231261.0	122637.0	167871.0	162629.0	112861.0	119272.0	134639.0
Penicillin and cephalosporin biosynthesis	8835.0	8441.0	25452.0	20694.0	7876.0	8044.0	6911.0	7867.0	8098.0	8269.0	11288.0	7729.0	8451.0	6615.0	7279.0	7865.0	6945.0	7012.0	7983.0	8342.0	8362.0	9491.0	13760.0	13621.0	8127.0	8242.0	8622.0	9012.0	29911.0	23828.0	22782.0	35034.0	25245.0	21366.0	18271.0	16824.0	19466.0	18400.0	16129.0	23030.0	21298.0	16283.0	15911.0	18906.0	17143.0	44804.0	24897.0	31436.0	30029.0	21967.0	22259.0	18753.0
Pentose and glucuronate interconversions	417198.0	421123.0	717158.0	605887.0	246097.0	245402.0	246546.0	249404.0	264724.0	256645.0	322744.0	248708.0	258850.0	246050.0	238943.0	245672.0	234533.0	267849.0	244238.0	274767.0	253245.0	304491.0	338359.0	324896.0	237416.0	299975.0	257639.0	313600.0	396673.0	408332.0	356552.0	431402.0	399487.0	385397.0	423998.0	424390.0	403100.0	404611.0	409809.0	549394.0	418501.0	415869.0	381340.0	405453.0	429574.0	472233.0	397546.0	423399.0	429814.0	400246.0	392646.0	398979.0
Pentose phosphate pathway	256997.0	263006.0	266676.0	258680.0	255019.0	258596.0	247785.0	250729.0	258108.0	239499.0	249587.0	247402.0	242037.0	237518.0	233876.0	246145.0	256976.0	257936.0	244549.0	253730.0	251317.0	258116.0	244870.0	244396.0	246651.0	239972.0	234433.0	242162.0	421232.0	379201.0	273757.0	621193.0	325435.0	263954.0	338821.0	285651.0	335440.0	316738.0	304418.0	412061.0	305337.0	318227.0	292808.0	319583.0	300746.0	681361.0	319157.0	528328.0	486297.0	246238.0	301631.0	343770.0
Peptidases	877279.0	884570.0	1399366.0	1295012.0	1327762.0	1302106.0	1226979.0	1278521.0	1243088.0	1187295.0	1218879.0	1219821.0	1206082.0	1320485.0	1296830.0	1142694.0	1254153.0	1257213.0	1044752.0	1355461.0	1208357.0	1446283.0	1172275.0	1107217.0	1153525.0	1397581.0	1261671.0	1393500.0	1387588.0	1192440.0	1015112.0	1761628.0	1125791.0	970483.0	1113616.0	991569.0	1109379.0	1091788.0	1051120.0	1276366.0	1100337.0	1084897.0	1024437.0	1084287.0	1023740.0	2299847.0	1099391.0	1595067.0	1476269.0	955726.0	1084741.0	1133088.0
Peptidoglycan biosynthesis	301058.0	312758.0	398306.0	364346.0	408156.0	388169.0	377237.0	387052.0	365607.0	366532.0	375387.0	370968.0	358443.0	381555.0	366026.0	369382.0	391419.0	386271.0	333508.0	392773.0	384205.0	406060.0	364065.0	342531.0	362564.0	385736.0	360786.0	389961.0	468652.0	434667.0	362696.0	559533.0	391386.0	362076.0	434398.0	397479.0	411087.0	405491.0	413944.0	485724.0	410278.0	413579.0	388042.0	413431.0	411587.0	696384.0	389262.0	513428.0	501913.0	374776.0	387185.0	427389.0
Peptidoglycan biosynthesis and degradation proteins	42903.0	46498.0	60865.0	58874.0	86844.0	74654.0	89752.0	64638.0	68571.0	71145.0	77437.0	65050.0	73961.0	75213.0	72121.0	68387.0	74404.0	77199.0	53027.0	69667.0	69060.0	72940.0	58417.0	52027.0	68581.0	70128.0	67429.0	71506.0	40104.0	38530.0	39251.0	30817.0	38206.0	43127.0	42526.0	49212.0	42931.0	43098.0	38684.0	43598.0	49373.0	43259.0	38757.0	38870.0	47396.0	36495.0	40869.0	38763.0	39644.0	49859.0	45397.0	39447.0
Phenazine biosynthesis	3723.0	4057.0	1669.0	1869.0	8148.0	6582.0	6288.0	6650.0	6361.0	7568.0	4408.0	6789.0	7228.0	11410.0	10586.0	6253.0	6904.0	8719.0	4273.0	14683.0	5550.0	15386.0	5964.0	4994.0	5017.0	15844.0	6227.0	14742.0	1459.0	1686.0	2021.0	2144.0	1779.0	1780.0	3970.0	3299.0	3428.0	3342.0	4658.0	2672.0	2246.0	3677.0	4471.0	4046.0	4038.0	3729.0	2512.0	1685.0	1827.0	2085.0	2226.0	3334.0
Phenylalanine metabolism	91516.0	93687.0	95380.0	90042.0	75194.0	72806.0	75868.0	70390.0	73024.0	71820.0	68839.0	76852.0	72027.0	77974.0	75731.0	66326.0	62449.0	61899.0	68669.0	83044.0	66970.0	87493.0	60875.0	57154.0	62217.0	86053.0	73730.0	87153.0	43415.0	44917.0	53399.0	42398.0	52921.0	55640.0	51890.0	61116.0	53770.0	58973.0	63049.0	47818.0	50594.0	66572.0	57041.0	61032.0	63513.0	42349.0	51437.0	43306.0	43274.0	59181.0	53148.0	55994.0
Phenylalanine, tyrosine and tryptophan biosynthesis	274520.0	281133.0	332435.0	305651.0	220825.0	222709.0	220428.0	230276.0	221838.0	210642.0	223349.0	230319.0	220614.0	221879.0	225038.0	220099.0	251100.0	240519.0	223729.0	238153.0	241172.0	255008.0	224938.0	223725.0	215247.0	242357.0	243514.0	249018.0	240888.0	250245.0	260320.0	266119.0	258457.0	270463.0	300579.0	314195.0	285784.0	294919.0	324484.0	290299.0	272108.0	313390.0	292275.0	305617.0	308759.0	237555.0	262559.0	243180.0	267690.0	288835.0	255849.0	285218.0
Phenylpropanoid biosynthesis	77.0	49.0	145.0	162.0	178.0	166.0	115.0	135.0	143.0	220.0	12.0	233.0	218.0	174.0	213.0	261.0	204.0	93.0	284.0	142.0	186.0	159.0	5.0	5.0	246.0	186.0	179.0	167.0	50.0	152.0	160.0	640.0	154.0	47.0	22.0	3.0	5.0	9.0	1.0	5.0	8.0	16.0	7.0	13.0	7.0	107.0	12.0	814.0	189.0	9.0	59.0	11.0
Phosphonate and phosphinate metabolism	34596.0	34779.0	41476.0	38242.0	31305.0	29959.0	33665.0	33989.0	30082.0	33498.0	25075.0	30357.0	31559.0	39470.0	40313.0	30977.0	30200.0	30540.0	28315.0	34436.0	33132.0	36013.0	29554.0	25419.0	37710.0	36125.0	46170.0	34790.0	23256.0	24008.0	21305.0	20893.0	22387.0	23168.0	24885.0	24285.0	23273.0	22579.0	24565.0	26816.0	24117.0	21568.0	22997.0	23930.0	24112.0	32026.0	21749.0	20962.0	21337.0	24348.0	24527.0	21326.0
Photosynthesis	71.0	120.0	35.0	58.0	144.0	445.0	698.0	577.0	588.0	456.0	299.0	244.0	475.0	836.0	488.0	599.0	263.0	415.0	388.0	449.0	447.0	433.0	352.0	503.0	405.0	404.0	395.0	521.0	8263.0	17102.0	19303.0	67524.0	14466.0	6145.0	3628.0	1404.0	4590.0	4367.0	2270.0	4431.0	2556.0	6292.0	3679.0	4030.0	4193.0	14279.0	1052.0	78649.0	23209.0	2183.0	11462.0	4682.0
Photosynthesis - antenna proteins	42.0	25.0	60.0	183.0	129.0	128.0	141.0	107.0	100.0	107.0	16.0	115.0	214.0	89.0	53.0	98.0	303.0	127.0	312.0	338.0	412.0	222.0	13.0	8.0	254.0	296.0	280.0	301.0	11.0	8.0	24.0	117.0	26.0	7.0	2.0	3.0	6.0	14.0	3.0	0.0	0.0	6.0	2.0	0.0	1.0	20.0	1.0	49.0	19.0	2.0	14.0	1.0
Photosynthesis proteins	1478.0	1539.0	1102.0	783.0	693.0	1011.0	1915.0	1194.0	1457.0	1200.0	1073.0	914.0	1219.0	1227.0	1815.0	1557.0	1111.0	1878.0	781.0	914.0	1348.0	968.0	1930.0	1583.0	1160.0	759.0	800.0	861.0	776.0	673.0	442.0	534.0	395.0	708.0	379.0	357.0	361.0	484.0	479.0	531.0	665.0	339.0	524.0	390.0	387.0	248.0	591.0	529.0	469.0	806.0	728.0	369.0
Polycyclic aromatic hydrocarbon degradation	181.0	214.0	88.0	98.0	186.0	229.0	456.0	287.0	278.0	412.0	352.0	185.0	294.0	279.0	305.0	383.0	209.0	177.0	238.0	335.0	234.0	230.0	280.0	238.0	215.0	208.0	246.0	291.0	32.0	22.0	45.0	22.0	23.0	44.0	78.0	82.0	105.0	58.0	93.0	69.0	28.0	63.0	120.0	66.0	113.0	48.0	35.0	17.0	73.0	60.0	68.0	69.0
Polyketide biosynthesis proteins	2146.0	2231.0	11991.0	6667.0	2286.0	2802.0	2297.0	1945.0	3241.0	2182.0	2185.0	2758.0	2289.0	2184.0	3018.0	2060.0	2518.0	2316.0	1776.0	1744.0	1812.0	1771.0	3440.0	3111.0	2038.0	1612.0	1569.0	1648.0	429.0	306.0	712.0	591.0	629.0	818.0	592.0	753.0	720.0	777.0	818.0	494.0	456.0	819.0	784.0	755.0	845.0	537.0	695.0	572.0	642.0	905.0	578.0	786.0
Polyketide sugar unit biosynthesis	99394.0	94179.0	173265.0	128269.0	120000.0	120363.0	109505.0	124579.0	114504.0	112607.0	120092.0	114377.0	113436.0	120106.0	116042.0	114988.0	117371.0	123659.0	98009.0	121903.0	119280.0	129309.0	118165.0	103391.0	112301.0	122698.0	137850.0	120391.0	146260.0	127594.0	118963.0	188484.0	131169.0	110161.0	109576.0	108154.0	114077.0	110320.0	100319.0	135991.0	111552.0	113112.0	102713.0	114158.0	109431.0	217169.0	124076.0	178747.0	145768.0	109035.0	118123.0	113474.0
Porphyrin and chlorophyll metabolism	317587.0	307887.0	415234.0	368323.0	378591.0	393641.0	374090.0	395255.0	374737.0	363969.0	280872.0	374048.0	368444.0	367497.0	365378.0	383404.0	483933.0	461580.0	428863.0	436962.0	462593.0	450014.0	322090.0	311274.0	438765.0	432142.0	434196.0	434190.0	287918.0	288817.0	341883.0	338688.0	331144.0	340911.0	385519.0	376352.0	355705.0	385214.0	437587.0	338604.0	316782.0	434609.0	392215.0	399612.0	411917.0	358093.0	319689.0	331069.0	321874.0	360674.0	320546.0	369386.0
Prenyltransferases	3293.0	2537.0	13916.0	7680.0	1711.0	1832.0	1718.0	1740.0	1619.0	1654.0	3357.0	1639.0	2049.0	1514.0	1770.0	2008.0	3269.0	2135.0	2120.0	1757.0	2309.0	2045.0	5941.0	4521.0	2287.0	2507.0	2530.0	2617.0	3929.0	3185.0	3836.0	2174.0	2950.0	3573.0	2540.0	2371.0	2577.0	2226.0	2018.0	6462.0	5230.0	1748.0	2717.0	1870.0	1800.0	2211.0	3462.0	2413.0	2485.0	3581.0	2891.0	2240.0
Primary bile acid biosynthesis	8828.0	8581.0	4493.0	5394.0	11980.0	8770.0	8714.0	10906.0	8906.0	8072.0	8883.0	8608.0	8168.0	9211.0	7934.0	10146.0	14544.0	12867.0	9815.0	10924.0	14291.0	10957.0	10140.0	11725.0	9756.0	8082.0	9313.0	9214.0	37854.0	28486.0	15557.0	45341.0	20271.0	14995.0	22051.0	17224.0	20672.0	20335.0	19739.0	31430.0	22075.0	20997.0	18011.0	21670.0	20544.0	66241.0	19009.0	38354.0	29077.0	12823.0	16815.0	21888.0
Prodigiosin biosynthesis	895.0	543.0	1253.0	1077.0	704.0	513.0	735.0	361.0	487.0	721.0	535.0	604.0	730.0	473.0	911.0	904.0	438.0	321.0	615.0	416.0	371.0	402.0	247.0	331.0	616.0	599.0	633.0	669.0	312.0	12.0	209.0	36.0	143.0	34.0	83.0	118.0	113.0	99.0	140.0	26.0	40.0	99.0	246.0	249.0	164.0	137.0	20.0	19.0	36.0	39.0	42.0	103.0
Propanoate metabolism	43195.0	42710.0	73146.0	64892.0	54488.0	56611.0	57834.0	52935.0	54756.0	55468.0	69341.0	59751.0	57144.0	57392.0	55615.0	54248.0	48325.0	50373.0	48678.0	62586.0	46383.0	69160.0	69602.0	64963.0	46561.0	69556.0	53999.0	70551.0	53322.0	66554.0	56551.0	58829.0	57302.0	58131.0	62748.0	73158.0	62445.0	68823.0	65427.0	95133.0	68937.0	76341.0	64155.0	72383.0	77137.0	63832.0	54760.0	52288.0	55377.0	60750.0	52350.0	64070.0
Protein kinases	253923.0	244053.0	555204.0	501844.0	283414.0	299380.0	268747.0	290185.0	263133.0	262875.0	239854.0	264652.0	246442.0	244673.0	252716.0	257770.0	218474.0	233828.0	228987.0	214771.0	224673.0	225609.0	239312.0	223516.0	245623.0	213975.0	274599.0	230349.0	207307.0	205686.0	196767.0	220224.0	200181.0	206194.0	201297.0	214065.0	202466.0	201152.0	196284.0	228986.0	219109.0	203962.0	194321.0	196775.0	204399.0	249217.0	204583.0	233640.0	225274.0	220735.0	205992.0	193108.0
Protein phosphatases and associated proteins	45921.0	39557.0	229882.0	213628.0	26992.0	27280.0	24918.0	19583.0	23369.0	23821.0	29687.0	25753.0	22729.0	21576.0	20257.0	24777.0	23030.0	23847.0	24092.0	18698.0	21293.0	17998.0	26964.0	25952.0	22759.0	16595.0	28648.0	18085.0	26265.0	26636.0	21078.0	41949.0	22259.0	20923.0	27519.0	25008.0	24712.0	23643.0	25009.0	26791.0	23285.0	24370.0	22849.0	25821.0	24871.0	42743.0	23361.0	48375.0	29005.0	20259.0	23133.0	25429.0
Purine metabolism	1018469.0	1045251.0	1296467.0	1237251.0	1042110.0	1029131.0	1021222.0	987347.0	1007937.0	984586.0	1060673.0	1003610.0	1012423.0	1032436.0	1018120.0	942826.0	1029428.0	988016.0	938831.0	1111020.0	949171.0	1172364.0	965678.0	980337.0	927257.0	1137403.0	991441.0	1124488.0	1362315.0	1235682.0	1037925.0	1743242.0	1146779.0	1029052.0	1145233.0	1062353.0	1150931.0	1128766.0	1096086.0	1320376.0	1125555.0	1128970.0	1061681.0	1128646.0	1080328.0	2176304.0	1131248.0	1570347.0	1501125.0	1015123.0	1113826.0	1168609.0
Pyrimidine metabolism	618163.0	640410.0	744502.0	692501.0	592865.0	577695.0	594354.0	576778.0	573275.0	562338.0	580634.0	571558.0	566868.0	586266.0	584672.0	558529.0	626169.0	612453.0	559527.0	629138.0	583404.0	678045.0	576760.0	570532.0	563487.0	646307.0	580520.0	648390.0	732510.0	667687.0	575657.0	954757.0	635075.0	575503.0	670797.0	607943.0	655484.0	639481.0	632551.0	754789.0	618489.0	633613.0	607077.0	640917.0	620490.0	1129475.0	624021.0	854380.0	822166.0	571288.0	620760.0	661258.0
Pyruvate metabolism	413051.0	434953.0	444904.0	452038.0	380416.0	367285.0	371369.0	355907.0	357704.0	355939.0	331226.0	361964.0	358919.0	377495.0	376845.0	356314.0	351879.0	354645.0	348391.0	397572.0	333583.0	416587.0	308787.0	321992.0	329565.0	399918.0	337456.0	399465.0	471097.0	427714.0	378341.0	648063.0	424052.0	365944.0	448995.0	410367.0	428045.0	437425.0	439759.0	507223.0	398193.0	458469.0	401001.0	454657.0	432468.0	760904.0	410179.0	592306.0	532501.0	352598.0	398387.0	462722.0
Regulation of lipolysis in adipocytes	160.0	129.0	1944.0	2276.0	195.0	137.0	86.0	397.0	97.0	136.0	70.0	186.0	100.0	111.0	169.0	156.0	175.0	140.0	181.0	80.0	218.0	86.0	130.0	208.0	182.0	193.0	344.0	225.0	35.0	25.0	75.0	115.0	264.0	229.0	75.0	143.0	78.0	102.0	100.0	8.0	34.0	113.0	108.0	97.0	69.0	127.0	165.0	261.0	212.0	361.0	198.0	123.0
Retinol metabolism	14287.0	13379.0	41251.0	30003.0	14593.0	12525.0	17179.0	21331.0	17854.0	15261.0	16755.0	11286.0	21539.0	31676.0	28852.0	13456.0	17389.0	16868.0	15260.0	34217.0	12810.0	40704.0	12670.0	10857.0	15706.0	38694.0	24880.0	37779.0	11653.0	9467.0	9284.0	6063.0	6518.0	9241.0	5398.0	6425.0	6556.0	5529.0	5981.0	8502.0	10512.0	4384.0	6510.0	4703.0	5227.0	5544.0	7725.0	6120.0	7831.0	11287.0	9080.0	4257.0
Riboflavin metabolism	109358.0	108545.0	184932.0	173472.0	117625.0	122771.0	120997.0	135559.0	125594.0	114556.0	142022.0	111544.0	128551.0	131805.0	133384.0	116717.0	137389.0	126858.0	119860.0	161306.0	130654.0	177112.0	151679.0	145459.0	119984.0	165915.0	130813.0	165022.0	313015.0	238486.0	187513.0	412765.0	218678.0	177121.0	192934.0	164534.0	209533.0	196838.0	160096.0	269989.0	198494.0	184136.0	169171.0	184217.0	168894.0	531890.0	214381.0	365222.0	345433.0	163276.0	196932.0	214843.0
Secondary bile acid biosynthesis	30175.0	30146.0	29748.0	28128.0	30414.0	28865.0	24740.0	31096.0	29424.0	26614.0	24410.0	27296.0	24700.0	26587.0	25911.0	28220.0	34316.0	31877.0	30532.0	26742.0	34058.0	23939.0	26447.0	25437.0	35784.0	23936.0	35228.0	24900.0	16567.0	17289.0	20976.0	16227.0	18426.0	19449.0	26375.0	23859.0	21772.0	22647.0	31866.0	18460.0	20268.0	26610.0	24609.0	26923.0	26264.0	17220.0	19499.0	16068.0	15766.0	18953.0	18396.0	25266.0
Selenocompound metabolism	134794.0	139424.0	166530.0	157362.0	148792.0	139548.0	142351.0	142620.0	141911.0	132005.0	133000.0	136846.0	136260.0	143678.0	141278.0	130133.0	151937.0	145536.0	133405.0	156323.0	148015.0	161600.0	127565.0	120050.0	138660.0	156429.0	146847.0	155826.0	159438.0	157066.0	133078.0	213206.0	143369.0	127654.0	166774.0	145709.0	153814.0	153863.0	170606.0	174428.0	137668.0	160821.0	151569.0	158924.0	152669.0	250097.0	142661.0	188252.0	177481.0	125831.0	137660.0	155284.0
Sesquiterpenoid and triterpenoid biosynthesis	745.0	717.0	1685.0	1652.0	1066.0	980.0	1383.0	969.0	1037.0	1112.0	633.0	1210.0	1078.0	928.0	1316.0	1221.0	1044.0	1078.0	1086.0	1107.0	846.0	1039.0	806.0	678.0	1438.0	1400.0	1676.0	1472.0	28.0	29.0	118.0	135.0	53.0	81.0	82.0	87.0	132.0	95.0	92.0	48.0	37.0	73.0	113.0	68.0	144.0	55.0	60.0	106.0	162.0	90.0	97.0	73.0
Sphingolipid metabolism	24887.0	25008.0	40943.0	40610.0	28326.0	28690.0	29589.0	24677.0	27332.0	27402.0	33881.0	28564.0	26693.0	28094.0	25911.0	24871.0	14351.0	15967.0	13356.0	13245.0	16959.0	13900.0	27184.0	21885.0	15114.0	12928.0	16148.0	13782.0	9200.0	12806.0	10077.0	15718.0	8961.0	9962.0	9008.0	11655.0	12214.0	11177.0	11002.0	8633.0	12000.0	10651.0	10817.0	9446.0	11530.0	14562.0	10731.0	12787.0	12843.0	10492.0	10986.0	8644.0
Starch and sucrose metabolism	930243.0	934924.0	1146288.0	1098272.0	519745.0	478111.0	468292.0	497913.0	531721.0	496525.0	646003.0	464965.0	511174.0	530279.0	507625.0	497807.0	462107.0	506946.0	472611.0	558686.0	470751.0	598340.0	687868.0	646702.0	455767.0	583477.0	487041.0	603505.0	959642.0	833366.0	761756.0	1230989.0	866075.0	756466.0	828915.0	786654.0	812734.0	801313.0	767546.0	923989.0	798058.0	803577.0	719838.0	837613.0	778288.0	1576359.0	814083.0	1143795.0	1059532.0	754756.0	834240.0	886989.0
Staurosporine biosynthesis	0.0	0.0	38.0	24.0	23.0	53.0	29.0	24.0	52.0	66.0	12.0	44.0	47.0	60.0	62.0	84.0	25.0	45.0	40.0	28.0	26.0	55.0	18.0	29.0	28.0	29.0	32.0	25.0	0.0	3.0	10.0	0.0	2.0	5.0	6.0	4.0	8.0	4.0	5.0	0.0	2.0	11.0	25.0	5.0	15.0	3.0	2.0	3.0	0.0	3.0	0.0	5.0
Steroid biosynthesis	4826.0	4901.0	5930.0	6549.0	3533.0	5406.0	4438.0	4930.0	4897.0	4154.0	4770.0	3980.0	3926.0	3273.0	3703.0	4246.0	2316.0	1342.0	5371.0	2695.0	2058.0	1759.0	3101.0	1814.0	6131.0	1703.0	2126.0	1497.0	1005.0	1258.0	1299.0	946.0	1194.0	1105.0	2791.0	1977.0	1678.0	1383.0	2790.0	1650.0	1906.0	2265.0	1948.0	2428.0	2085.0	1100.0	1118.0	818.0	983.0	1156.0	1066.0	2595.0
Steroid degradation	2884.0	2905.0	1324.0	2297.0	1124.0	1079.0	1416.0	1114.0	1518.0	1487.0	1890.0	1268.0	1489.0	1379.0	1424.0	1487.0	976.0	1077.0	1036.0	1069.0	1088.0	1134.0	2118.0	1586.0	1100.0	951.0	1230.0	1174.0	3642.0	2302.0	1588.0	2280.0	2020.0	2091.0	1705.0	965.0	1136.0	1062.0	807.0	5695.0	2410.0	923.0	1161.0	1535.0	1054.0	1243.0	2095.0	1728.0	1311.0	2087.0	2395.0	1085.0
Steroid hormone biosynthesis	9487.0	10389.0	11254.0	13105.0	9946.0	10820.0	10382.0	7866.0	8623.0	10052.0	14509.0	10818.0	10193.0	8463.0	7751.0	10440.0	7810.0	11665.0	12220.0	5913.0	7181.0	7269.0	14324.0	12115.0	12067.0	8200.0	19660.0	9209.0	15689.0	10988.0	11522.0	7822.0	11709.0	13442.0	10605.0	9966.0	9814.0	9318.0	9366.0	11886.0	13081.0	10531.0	9713.0	9426.0	12630.0	15221.0	13066.0	7896.0	10561.0	12261.0	10944.0	8564.0
Stilbenoid, diarylheptanoid and gingerol biosynthesis	0.0	0.0	0.0	0.0	3.0	9.0	4.0	7.0	8.0	0.0	95.0	22.0	1.0	3.0	4.0	0.0	9.0	11.0	12.0	4.0	3.0	7.0	82.0	61.0	2.0	26.0	3.0	4.0	2.0	13.0	25.0	31.0	7.0	2.0	5.0	0.0	2.0	0.0	1.0	0.0	0.0	2.0	3.0	2.0	6.0	21.0	0.0	100.0	7.0	4.0	4.0	0.0
Streptomycin biosynthesis	0.0	0.0	0.0	0.0	12.0	4.0	2.0	4.0	2.0	0.0	0.0	0.0	2.0	14.0	9.0	0.0	0.0	0.0	0.0	0.0	0.0	0.0	0.0	0.0	0.0	0.0	0.0	0.0	0.0	0.0	0.0	0.0	0.0	0.0	0.0	0.0	0.0	0.0	0.0	0.0	0.0	0.0	0.0	0.0	0.0	0.0	0.0	0.0	0.0	0.0	0.0	0.0
Styrene degradation	86.0	124.0	3.0	17.0	57.0	48.0	92.0	42.0	80.0	86.0	15.0	16.0	96.0	53.0	50.0	62.0	53.0	43.0	78.0	65.0	49.0	73.0	7.0	17.0	65.0	90.0	82.0	46.0	0.0	1.0	15.0	12.0	5.0	6.0	20.0	15.0	28.0	5.0	22.0	2.0	3.0	30.0	22.0	19.0	27.0	6.0	4.0	12.0	3.0	4.0	3.0	20.0
Sulfur metabolism	182210.0	191357.0	199560.0	177064.0	125450.0	130606.0	130523.0	126053.0	127824.0	134285.0	138495.0	132653.0	135926.0	127819.0	125021.0	138766.0	127932.0	128346.0	147677.0	124629.0	128804.0	127377.0	134051.0	133524.0	133036.0	127520.0	126594.0	124583.0	185506.0	184641.0	194823.0	222959.0	199097.0	190573.0	207045.0	210188.0	200783.0	211985.0	224399.0	219655.0	186853.0	227156.0	204743.0	220695.0	216060.0	266159.0	192782.0	215703.0	203821.0	193874.0	191922.0	209726.0
Taurine and hypotaurine metabolism	3120.0	3169.0	709.0	1189.0	5165.0	4713.0	8504.0	4346.0	4672.0	4656.0	5779.0	4212.0	6238.0	5206.0	6354.0	5953.0	6937.0	5996.0	7629.0	6539.0	6765.0	6700.0	5832.0	6940.0	8134.0	6703.0	7092.0	7796.0	2945.0	2886.0	4638.0	2636.0	3845.0	3556.0	3546.0	4389.0	2996.0	3681.0	4202.0	2915.0	2885.0	4072.0	4289.0	3678.0	4206.0	2517.0	3488.0	2443.0	2150.0	3589.0	2883.0	3434.0
Terpenoid backbone biosynthesis	184674.0	189837.0	241759.0	219187.0	220336.0	226053.0	220401.0	223674.0	213339.0	208044.0	200093.0	214332.0	206168.0	212739.0	215319.0	216275.0	240142.0	230845.0	219343.0	222194.0	232354.0	228779.0	205143.0	192416.0	234825.0	217314.0	224812.0	216819.0	254814.0	230089.0	197825.0	301601.0	213362.0	196361.0	218107.0	205200.0	208620.0	209298.0	209986.0	252165.0	213579.0	212847.0	199179.0	211929.0	207229.0	384683.0	209798.0	276584.0	250996.0	196338.0	206723.0	216213.0
Tetracycline biosynthesis	0.0	0.0	0.0	0.0	0.0	0.0	0.0	0.0	0.0	0.0	1.0	0.0	0.0	1.0	0.0	2.0	2.0	2.0	0.0	0.0	1.0	6.0	0.0	0.0	3.0	2.0	1.0	3.0	0.0	0.0	0.0	0.0	0.0	0.0	0.0	0.0	0.0	0.0	0.0	0.0	0.0	5.0	0.0	1.0	0.0	0.0	0.0	0.0	0.0	0.0	0.0	0.0
Thiamine metabolism	210114.0	220455.0	236809.0	231738.0	213449.0	229564.0	211822.0	229828.0	218599.0	213255.0	205510.0	223713.0	209603.0	211356.0	214396.0	221390.0	241411.0	228678.0	235893.0	239897.0	238707.0	245144.0	215450.0	213215.0	240425.0	239768.0	248314.0	237063.0	305312.0	287361.0	252951.0	367668.0	275090.0	251655.0	307828.0	283683.0	290872.0	291204.0	298523.0	336491.0	283053.0	300523.0	277226.0	295759.0	300103.0	473917.0	274216.0	344699.0	336572.0	258444.0	264403.0	294519.0
Toluene degradation	51.0	52.0	15.0	17.0	118.0	98.0	109.0	70.0	59.0	123.0	48.0	99.0	183.0	89.0	112.0	96.0	86.0	99.0	76.0	128.0	40.0	96.0	63.0	69.0	78.0	111.0	62.0	85.0	9.0	11.0	3.0	0.0	0.0	2.0	4.0	9.0	4.0	0.0	12.0	0.0	5.0	3.0	6.0	6.0	5.0	0.0	1.0	0.0	4.0	3.0	0.0	8.0
Tropane, piperidine and pyridine alkaloid biosynthesis	1368.0	1583.0	640.0	637.0	1005.0	1023.0	1013.0	901.0	858.0	886.0	1719.0	1231.0	1042.0	922.0	1073.0	1012.0	1032.0	893.0	1298.0	852.0	1026.0	960.0	1015.0	1608.0	1309.0	954.0	1055.0	1200.0	2257.0	2094.0	2391.0	1327.0	2513.0	1514.0	1712.0	2083.0	1384.0	1973.0	2038.0	2233.0	1544.0	2226.0	1818.0	2286.0	1727.0	1955.0	1859.0	1781.0	1057.0	1258.0	1488.0	2047.0
Tryptophan metabolism	9700.0	10391.0	7715.0	8196.0	13043.0	11908.0	9458.0	11351.0	7053.0	9862.0	5609.0	12646.0	8194.0	14756.0	14975.0	9909.0	4615.0	4262.0	4546.0	3110.0	6133.0	2857.0	10678.0	6659.0	6789.0	2911.0	10963.0	2537.0	1026.0	1829.0	1923.0	1971.0	1584.0	1516.0	1815.0	1927.0	1881.0	1822.0	1736.0	1706.0	1866.0	1548.0	2324.0	1846.0	1872.0	2266.0	1489.0	1805.0	2389.0	1592.0	2110.0	1536.0
Two-component system	14045.0	14032.0	20024.0	20948.0	20099.0	20441.0	20779.0	22865.0	20194.0	20065.0	17688.0	17039.0	19726.0	27765.0	25929.0	16661.0	16016.0	17547.0	16251.0	12076.0	16554.0	11537.0	13663.0	13123.0	19657.0	11717.0	20820.0	11764.0	7921.0	7026.0	9169.0	8387.0	6583.0	8195.0	4800.0	5497.0	5268.0	5395.0	6189.0	4781.0	6978.0	5458.0	5822.0	4973.0	5173.0	6116.0	7789.0	7537.0	6545.0	9131.0	7578.0	4841.0
Type I polyketide structures	4511.0	3509.0	5743.0	5032.0	6924.0	6754.0	5549.0	8989.0	6201.0	6288.0	4369.0	4909.0	4992.0	5213.0	5118.0	6636.0	3860.0	3731.0	3448.0	2706.0	2659.0	3087.0	9231.0	7662.0	4069.0	3522.0	4896.0	4078.0	4454.0	3862.0	4722.0	2532.0	3294.0	4209.0	1458.0	1735.0	2341.0	1923.0	1526.0	2124.0	3415.0	1607.0	2194.0	1969.0	1754.0	1941.0	3645.0	2864.0	3355.0	4913.0	3611.0	1401.0
Tyrosine metabolism	8258.0	8765.0	15300.0	13301.0	9394.0	10042.0	8483.0	9786.0	9589.0	9347.0	11359.0	10440.0	9242.0	7665.0	8508.0	10350.0	8367.0	8165.0	9903.0	7600.0	10042.0	8877.0	13117.0	14517.0	8604.0	7805.0	12004.0	8275.0	28273.0	21540.0	11657.0	29174.0	14550.0	11727.0	14686.0	9568.0	13669.0	11378.0	13624.0	19859.0	24233.0	9714.0	13579.0	10290.0	12057.0	40563.0	13714.0	22839.0	21006.0	10581.0	12711.0	11083.0
Ubiquinone and other terpenoid-quinone biosynthesis	98707.0	99276.0	130354.0	116356.0	89121.0	81888.0	76166.0	86523.0	80715.0	82088.0	86155.0	79126.0	85888.0	95107.0	91231.0	79324.0	75897.0	80357.0	71106.0	98566.0	74399.0	110844.0	98660.0	96822.0	66443.0	108589.0	78255.0	109209.0	140256.0	120438.0	96364.0	135633.0	102857.0	101601.0	93311.0	90339.0	95457.0	93615.0	87133.0	118697.0	103026.0	87428.0	90412.0	86530.0	90435.0	181263.0	102084.0	126514.0	120256.0	106650.0	107169.0	85279.0
Valine, leucine and isoleucine biosynthesis	53195.0	52075.0	65047.0	60186.0	23214.0	22872.0	22857.0	23596.0	22439.0	24667.0	35931.0	28902.0	24319.0	22679.0	23265.0	25935.0	28231.0	31330.0	30672.0	25664.0	27655.0	27553.0	37408.0	37337.0	26398.0	26185.0	27314.0	29712.0	39882.0	43760.0	48848.0	33570.0	46237.0	48209.0	60720.0	61384.0	51608.0	55185.0	66228.0	55548.0	52017.0	60509.0	56876.0	59567.0	62668.0	38756.0	48615.0	35623.0	38430.0	52098.0	46430.0	55695.0
Valine, leucine and isoleucine degradation	10595.0	9731.0	8313.0	6585.0	32207.0	32252.0	31301.0	13081.0	22546.0	26712.0	25166.0	26762.0	24760.0	15960.0	15561.0	22800.0	6126.0	5576.0	5494.0	8978.0	4603.0	9325.0	5840.0	6473.0	5632.0	9664.0	6400.0	10240.0	6306.0	7937.0	6249.0	11476.0	7115.0	5806.0	4848.0	6756.0	5699.0	6013.0	5653.0	6446.0	4414.0	6668.0	5378.0	6706.0	6479.0	11394.0	5393.0	9994.0	7233.0	5938.0	5291.0	5615.0
Various types of N-glycan biosynthesis	365.0	478.0	386.0	463.0	185.0	242.0	126.0	169.0	117.0	116.0	66.0	68.0	154.0	141.0	246.0	161.0	145.0	258.0	221.0	188.0	150.0	180.0	65.0	112.0	139.0	191.0	181.0	229.0	14.0	8.0	35.0	91.0	35.0	52.0	42.0	38.0	46.0	30.0	27.0	7.0	36.0	62.0	59.0	41.0	58.0	16.0	38.0	47.0	84.0	56.0	105.0	20.0
Vitamin B6 metabolism	56682.0	54825.0	83343.0	85425.0	46053.0	49920.0	42604.0	55491.0	48149.0	45609.0	49594.0	47389.0	45958.0	47765.0	46253.0	46838.0	59038.0	51706.0	48619.0	49924.0	58423.0	50913.0	57123.0	49820.0	56913.0	48536.0	56066.0	49273.0	44451.0	40319.0	41081.0	42963.0	39314.0	40006.0	42847.0	42462.0	39836.0	38720.0	41165.0	48056.0	46995.0	39153.0	38879.0	37325.0	41284.0	47749.0	41202.0	40759.0	43555.0	44068.0	40348.0	37698.0
Xylene degradation	0.0	0.0	3.0	7.0	8.0	9.0	1.0	0.0	3.0	19.0	17.0	5.0	9.0	4.0	8.0	4.0	3.0	3.0	5.0	19.0	1.0	12.0	20.0	3.0	7.0	9.0	19.0	2.0	0.0	0.0	0.0	0.0	0.0	2.0	0.0	0.0	0.0	0.0	0.0	0.0	0.0	0.0	0.0	0.0	0.0	1.0	0.0	0.0	0.0	0.0	0.0	0.0
Zeatin biosynthesis	0.0	0.0	0.0	0.0	0.0	0.0	0.0	0.0	0.0	0.0	0.0	0.0	0.0	0.0	0.0	0.0	0.0	0.0	0.0	0.0	0.0	0.0	0.0	0.0	0.0	0.0	0.0	0.0	15.0	42.0	27.0	218.0	51.0	11.0	8.0	0.0	6.0	3.0	2.0	5.0	2.0	4.0	1.0	3.0	5.0	27.0	2.0	200.0	55.0	6.0	19.0	6.0
alpha-Linolenic acid metabolism	86.0	74.0	475.0	450.0	122.0	80.0	29.0	55.0	48.0	33.0	64.0	43.0	62.0	50.0	27.0	43.0	99.0	61.0	56.0	68.0	30.0	35.0	138.0	87.0	25.0	23.0	81.0	63.0	41.0	49.0	42.0	176.0	37.0	15.0	11.0	4.0	4.0	15.0	3.0	41.0	8.0	12.0	5.0	0.0	13.0	29.0	0.0	181.0	37.0	13.0	37.0	20.0
beta-Alanine metabolism	13689.0	13996.0	26470.0	23302.0	13071.0	12389.0	13124.0	17541.0	14035.0	13509.0	14950.0	14546.0	15068.0	19517.0	19856.0	12449.0	15761.0	13302.0	15880.0	24205.0	14444.0	26534.0	17142.0	14534.0	15799.0	27147.0	19627.0	26206.0	15738.0	14689.0	16124.0	11700.0	14394.0	16183.0	15244.0	15705.0	14900.0	15395.0	16629.0	16466.0	17067.0	15189.0	16332.0	13622.0	14828.0	15016.0	14843.0	13070.0	14737.0	18207.0	15680.0	12057.0
