							Gas			amount	Ammonia (effluent)		VFAs (effluent)																					fermenter characteristics			Nutrient degradation (feed residues)					
run	day	treatment	algae	dose	fermenter	heat pumpt	Tot_gas	CH4_p	CH4_ml	effluent	NH3N_L	NH3N_d	Acetate_L	Propionate_L	IsoButyrate_L	Butyrate_L	IsoValerate_L	Valerate_L	VFA_L	Acetate_d	Propionate_d	IsoButyrate_d	Butyrate_d	IsoValerate_d	Valerate_d	VFA_d	Acetate_Propionate	Acetate_p	Propionate_p	IsoButyrate_p	Butyrate_p	IsoValerate_p	Valerate_p	ph	redox	temp	DM	CP	CA	ADFom	NDFom	OM
1	7	2	AN1	2.5	c	1	896.8	14	125.6	636.06	10.88	6.92	24.97	13.11	0.55	5.85	1.22	3.79	49.49	15.88	8.34	0.35	3.72	0.78	2.41	31.48	1.9	50.45	26.49	1.11	11.82	2.47	7.66	6.94	-341.4	37.6	36.49	29.14	35.34	21.9	19.02	36.59
1	8	2	AN1	2.5	c	1	916.5	14.7	134.7	649.71	10.88	7.07	24.97	13.11	0.55	5.85	1.22	3.79	49.49	16.22	8.52	0.36	3.8	0.79	2.46	32.15	1.9	50.45	26.49	1.11	11.82	2.47	7.66	6.96	-316.3	37.6	41.77	35.02	40.71	28.39	25.74	41.85
1	9	2	AN1	2.5	c	1	916.8	13.2	121	663.57	10.88	7.22	24.97	13.11	0.55	5.85	1.22	3.79	49.49	16.57	8.7	0.36	3.88	0.81	2.51	32.84	1.9	50.45	26.49	1.11	11.82	2.47	7.66	6.98	-368	38.2	35.83	28.4	34.66	21.08	18.17	35.92
1	10	2	AN1	2.5	c	1	955.9	13.5	129	643.64	10.88	7	24.97	13.11	0.55	5.85	1.22	3.79	49.49	16.07	8.44	0.35	3.77	0.79	2.44	31.85	1.9	50.45	26.49	1.11	11.82	2.47	7.66	6.99	-329.8	38.6	41	34.17	39.93	27.44	24.77	41.09
1	11	2	AN1	2.5	c	1	1037.4	14.4	149.4	626.68	10.88	6.82	24.97	13.11	0.55	5.85	1.22	3.79	49.49	15.65	8.22	0.34	3.67	0.76	2.38	31.01	1.9	50.45	26.49	1.11	11.82	2.47	7.66	6.94	-373.2	37.9	38.39	31.26	37.27	24.24	21.44	38.49
1	12	2	AN1	2.5	c	1	892.9	15.6	139.3	604.81	10.88	6.58	24.97	13.11	0.55	5.85	1.22	3.79	49.49	15.1	7.93	0.33	3.54	0.74	2.29	29.93	1.9	50.45	26.49	1.11	11.82	2.47	7.66	6.91	-327.8	37.3	41.58	34.82	40.52	28.16	25.51	41.67
1	13	2	AN1	2.5	c	1	689.8	14.9	102.8	638.05	10.88	6.94	24.97	13.11	0.55	5.85	1.22	3.79	49.49	15.93	8.36	0.35	3.73	0.78	2.42	31.58	1.9	50.45	26.49	1.11	11.82	2.47	7.66	6.98	-292.4	37.8	.	.	.	.	.	.
2	7	2	AN1	2.5	e	1	880	15.6	137.3	666.11	10.23	6.81	22.15	12.04	0.49	4.9	1.09	3.87	44.54	14.75	8.02	0.33	3.26	0.73	2.58	29.67	1.84	49.73	27.03	1.1	11	2.45	8.69	6.96	-289.9	38.7	37.68	29.38	36.87	25.19	19.63	37.75
2	8	2	AN1	2.5	e	1	946.9	15.7	148.7	674.66	10.23	6.9	22.15	12.04	0.49	4.9	1.09	3.87	44.54	14.94	8.12	0.33	3.31	0.74	2.61	30.05	1.84	49.73	27.03	1.1	11	2.45	8.69	6.95	-320.5	37.2	35.37	26.76	34.53	22.42	16.65	35.44
2	9	2	AN1	2.5	e	1	811.9	15.3	124.2	668.4	10.23	6.83	22.15	12.04	0.49	4.9	1.09	3.87	44.54	14.81	8.05	0.33	3.28	0.73	2.59	29.77	1.84	49.73	27.03	1.1	11	2.45	8.69	6.94	-302.4	37.6	39.4	31.33	38.61	27.26	21.85	39.47
2	10	2	AN1	2.5	e	1	959.5	15.4	147.8	693.27	10.23	7.09	22.15	12.04	0.49	4.9	1.09	3.87	44.54	15.36	8.35	0.34	3.4	0.76	2.68	30.88	1.84	49.73	27.03	1.1	11	2.45	8.69	6.95	-284.1	38.2	36.14	27.64	35.31	23.35	17.65	36.21
2	11	2	AN1	2.5	e	1	835.7	16.8	140.4	699.78	10.23	7.16	22.15	12.04	0.49	4.9	1.09	3.87	44.54	15.5	8.43	0.34	3.43	0.76	2.71	31.17	1.84	49.73	27.03	1.1	11	2.45	8.69	6.97	-357.9	37.7	39.68	31.65	38.9	27.6	22.21	39.75
2	12	2	AN1	2.5	e	1	950.5	14.8	140.7	.	.	.	.	.	.	.	.	.	.	.	.	.	.	.	.	.	.	.	.	.	.	.	.	6.98	-259.5	37.9	32.74	23.78	31.86	19.26	13.26	32.82
2	13	2	AN1	2.5	e	1	685	17	116.5	741.67	10.23	7.58	22.15	12.04	0.49	4.9	1.09	3.87	44.54	16.43	8.93	0.36	3.63	0.81	2.87	33.03	1.84	49.73	27.03	1.1	11	2.45	8.69	6.99	-276	38.2	.	.	.	.	.	.
2	7	2	AN1	2.5	g	2	1102.3	16.5	181.9	723.11	10.66	7.71	22.72	12.12	0.53	4.8	1.24	3.77	45.18	16.43	8.76	0.38	3.47	0.9	2.73	32.67	1.87	50.29	26.83	1.17	10.62	2.74	8.34	6.96	-300.1	38.8	40.52	33.68	41.63	28.12	22.22	40.42
2	8	2	AN1	2.5	g	2	857.7	16.8	144.1	722.38	10.66	7.7	22.72	12.12	0.53	4.8	1.24	3.77	45.18	16.41	8.76	0.38	3.47	0.9	2.72	32.64	1.87	50.29	26.83	1.17	10.62	2.74	8.34	6.96	-325.6	37.2	41.39	34.66	42.49	29.18	23.36	41.3
2	9	2	AN1	2.5	g	2	979.9	15.5	151.9	703.93	10.66	7.51	22.72	12.12	0.53	4.8	1.24	3.77	45.18	15.99	8.53	0.37	3.38	0.87	2.65	31.8	1.87	50.29	26.83	1.17	10.62	2.74	8.34	6.94	-286.2	38.1	37.04	29.81	38.22	23.93	17.68	36.94
2	10	2	AN1	2.5	g	2	793	15.3	121.3	752.7	10.66	8.03	22.72	12.12	0.53	4.8	1.24	3.77	45.18	17.1	9.12	0.4	3.61	0.93	2.84	34.01	1.87	50.29	26.83	1.17	10.62	2.74	8.34	6.96	-254.8	37.9	36.33	29.02	37.53	23.07	16.75	36.23
2	11	2	AN1	2.5	g	2	922.4	15.3	141.1	712.35	10.66	7.6	22.72	12.12	0.53	4.8	1.24	3.77	45.18	16.18	8.63	0.38	3.42	0.88	2.69	32.18	1.87	50.29	26.83	1.17	10.62	2.74	8.34	6.97	-309.6	37.3	36.78	29.52	37.97	23.62	17.34	36.69
2	12	2	AN1	2.5	g	2	999.4	16.1	160.9	728.87	10.66	7.77	22.72	12.12	0.53	4.8	1.24	3.77	45.18	16.56	8.83	0.39	3.5	0.9	2.75	32.93	1.87	50.29	26.83	1.17	10.62	2.74	8.34	6.98	-255.5	38.3	40.39	33.54	41.51	27.97	22.05	40.29
2	13	2	AN1	2.5	g	2	836.6	17.2	143.9	750.27	10.66	8	22.72	12.12	0.53	4.8	1.24	3.77	45.18	17.05	9.09	0.4	3.6	0.93	2.83	33.9	1.87	50.29	26.83	1.17	10.62	2.74	8.34	6.99	-273.4	38.7	.	.	.	.	.	.
1	7	2	AN1	2.5	l	2	1064.5	.	.	625.42	11.52	7.2	26.14	13.87	0.59	5.68	1.65	3.76	51.69	16.35	8.67	0.37	3.55	1.03	2.35	32.33	1.88	50.57	26.83	1.14	10.99	3.19	7.27	6.91	-334.5	37.8	40.92	33.59	38.6	28.51	22.95	41.11
1	8	2	AN1	2.5	l	2	915.5	14.1	129.1	622.16	11.52	7.16	26.14	13.87	0.59	5.68	1.65	3.76	51.69	16.26	8.63	0.37	3.53	1.03	2.34	32.16	1.88	50.57	26.83	1.14	10.99	3.19	7.27	6.94	-359.2	38.3	40.9	33.57	38.57	28.48	22.92	41.09
1	9	2	AN1	2.5	l	2	983.2	13.1	128.8	622.01	11.52	7.16	26.14	13.87	0.59	5.68	1.65	3.76	51.69	16.26	8.63	0.37	3.53	1.03	2.34	32.15	1.88	50.57	26.83	1.14	10.99	3.19	7.27	6.97	-357.9	38.4	37.9	30.21	35.46	24.86	19.02	38.11
1	10	2	AN1	2.5	l	2	1035.6	.	.	613.33	11.52	7.06	26.14	13.87	0.59	5.68	1.65	3.76	51.69	16.03	8.51	0.36	3.48	1.01	2.31	31.7	1.88	50.57	26.83	1.14	10.99	3.19	7.27	6.98	-329	38.9	40.53	33.16	38.19	28.04	22.44	40.72
1	11	2	AN1	2.5	l	2	826.7	13.8	114.1	631.68	11.52	7.27	26.14	13.87	0.59	5.68	1.65	3.76	51.69	16.51	8.76	0.37	3.59	1.04	2.38	32.65	1.88	50.57	26.83	1.14	10.99	3.19	7.27	6.96	-330.7	38.3	38.41	30.78	35.99	25.48	19.68	38.61
1	12	2	AN1	2.5	l	2	914.2	15.7	143.5	618.83	11.52	7.13	26.14	13.87	0.59	5.68	1.65	3.76	51.69	16.18	8.58	0.37	3.51	1.02	2.33	31.99	1.88	50.57	26.83	1.14	10.99	3.19	7.27	6.95	-326.4	36.3	33.81	25.61	31.21	19.91	13.68	34.03
1	13	2	AN1	2.5	l	2	932.3	16.1	150.1	635.16	11.52	7.31	26.14	13.87	0.59	5.68	1.65	3.76	51.69	16.6	8.81	0.37	3.61	1.05	2.39	32.83	1.88	50.57	26.83	1.14	10.99	3.19	7.27	6.96	-328.8	38	.	.	.	.	.	.
1	7	3	AN2	2.5	e	1	949.3	15.7	149	609.97	11.46	6.99	25.08	12.24	0.58	6.16	1.29	3.65	49	15.3	7.47	0.35	3.76	0.79	2.23	29.89	2.05	51.18	24.98	1.18	12.57	2.63	7.45	69.4	-347	38	38.63	32.06	37.87	31.58	22.39	38.69
1	8	3	AN2	2.5	e	1	927.4	15.9	147.5	627.44	11.46	7.19	25.08	12.24	0.58	6.16	1.29	3.65	49	15.74	7.68	0.36	3.87	0.81	2.29	30.74	2.05	51.18	24.98	1.18	12.57	2.63	7.45	6.97	-330.4	38.5	38.33	31.73	37.57	31.25	22.02	38.4
1	9	3	AN2	2.5	e	1	886.8	15.4	136.6	622.8	11.46	7.14	25.08	12.24	0.58	6.16	1.29	3.65	49	15.62	7.62	0.36	3.84	0.8	2.27	30.52	2.05	51.18	24.98	1.18	12.57	2.63	7.45	6.99	-368	38.2	37.63	30.95	36.86	30.46	21.12	37.69
1	10	3	AN2	2.5	e	1	959.2	15.4	147.7	619.28	11.46	7.1	25.08	12.24	0.58	6.16	1.29	3.65	49	15.53	7.58	0.36	3.81	0.8	2.26	30.34	2.05	51.18	24.98	1.18	12.57	2.63	7.45	6.99	-282.2	38.6	38.84	32.29	38.08	31.81	22.65	38.9
1	11	3	AN2	2.5	e	1	833.9	13.9	115.9	610.95	11.46	7	25.08	12.24	0.58	6.16	1.29	3.65	49	15.32	7.48	0.35	3.76	0.79	2.23	29.94	2.05	51.18	24.98	1.18	12.57	2.63	7.45	6.95	-284.6	38.7	37.26	30.54	36.49	30.05	20.66	37.32
1	12	3	AN2	2.5	e	1	812.4	16.6	134.9	614.84	11.46	7.05	25.08	12.24	0.58	6.16	1.29	3.65	49	15.42	7.53	0.36	3.79	0.79	2.24	30.13	2.05	51.18	24.98	1.18	12.57	2.63	7.45	6.94	-326.5	36.9	32.4	25.16	31.56	24.63	14.51	32.47
1	13	3	AN2	2.5	e	1	846.9	16.7	141.4	618.06	11.46	7.09	25.08	12.24	0.58	6.16	1.29	3.65	49	15.5	7.57	0.36	3.81	0.8	2.26	30.28	2.05	51.18	24.98	1.18	12.57	2.63	7.45	6.96	-318.7	38.1	.	.	.	.	.	.
2	7	3	AN2	2.5	f	1	936.8	15.9	149	681.74	10.93	7.45	22.94	11.94	0.53	5.76	1.19	3.89	46.25	15.64	8.14	0.36	3.93	0.81	2.65	31.53	1.92	49.6	25.82	1.15	12.45	2.57	8.41	6.97	-300.7	38.5	35.23	27.97	34.18	22.46	16.28	35.32
2	8	3	AN2	2.5	f	1	873.3	16.4	143.2	664.72	10.93	7.26	22.94	11.94	0.53	5.76	1.19	3.89	46.25	15.25	7.94	0.35	3.83	0.79	2.59	30.74	1.92	49.6	25.82	1.15	12.45	2.57	8.41	6.96	-322.4	37.5	38.61	31.72	37.61	26.5	20.65	38.69
2	9	3	AN2	2.5	f	1	836.6	15.8	132.2	652.87	10.93	7.13	22.94	11.94	0.53	5.76	1.19	3.89	46.25	14.98	7.8	0.35	3.76	0.78	2.54	30.2	1.92	49.6	25.82	1.15	12.45	2.57	8.41	6.96	-281.2	37.6	35.62	28.4	34.58	22.92	16.79	35.71
2	10	3	AN2	2.5	f	1	915.7	15	137.4	685.04	10.93	7.49	22.94	11.94	0.53	5.76	1.19	3.89	46.25	15.71	8.18	0.36	3.95	0.82	2.66	31.68	1.92	49.6	25.82	1.15	12.45	2.57	8.41	6.96	-253	38.2	36.7	29.59	35.67	24.21	18.18	36.78
2	11	3	AN2	2.5	f	1	1070	14.5	155.2	675.15	10.93	7.38	22.94	11.94	0.53	5.76	1.19	3.89	46.25	15.49	8.06	0.36	3.89	0.8	2.63	31.23	1.92	49.6	25.82	1.15	12.45	2.57	8.41	6.97	-313.8	37.7	36.05	28.88	35.02	23.44	17.34	36.14
2	12	3	AN2	2.5	f	1	1055.9	16	168.9	636.3	10.93	6.95	22.94	11.94	0.53	5.76	1.19	3.89	46.25	14.6	7.6	0.34	3.67	0.76	2.48	29.43	1.92	49.6	25.82	1.15	12.45	2.57	8.41	6.96	-262	37.7	45.84	39.76	44.96	35.15	29.99	45.91
2	13	3	AN2	2.5	f	1	899.7	16.7	150.2	613.6	10.93	6.71	22.94	11.94	0.53	5.76	1.19	3.89	46.25	14.08	7.33	0.33	3.53	0.73	2.39	28.38	1.92	49.6	25.82	1.15	12.45	2.57	8.41	6.96	-266.5	38.2	.	.	.	.	.	.
1	7	3	AN2	2.5	i	2	.	.	.	702.38	11.55	8.11	25.28	13.36	0.58	5.56	1.44	3.53	49.75	17.76	9.38	0.41	3.91	1.01	2.48	34.94	1.89	50.81	26.85	1.17	11.18	2.89	7.1	6.96	-328.4	37.9	36.4	29.58	35.63	23.29	15.35	36.47
1	8	3	AN2	2.5	i	2	1105.8	16.8	185.8	698.57	11.55	8.07	25.28	13.36	0.58	5.56	1.44	3.53	49.75	17.66	9.33	0.41	3.88	1.01	2.47	34.75	1.89	50.81	26.85	1.17	11.18	2.89	7.1	6.95	-335.4	38.4	40.83	34.48	40.11	28.63	21.24	40.89
1	9	3	AN2	2.5	i	2	1176.9	15.9	187.1	695.28	11.55	8.03	25.28	13.36	0.58	5.56	1.44	3.53	49.75	17.58	9.29	0.4	3.87	1	2.45	34.59	1.89	50.81	26.85	1.17	11.18	2.89	7.1	6.97	-359.8	38	43.18	37.09	42.5	31.47	24.38	43.24
1	10	3	AN2	2.5	i	2	1071.2	16.2	173.5	698.17	11.55	8.07	25.28	13.36	0.58	5.56	1.44	3.53	49.75	17.65	9.33	0.4	3.88	1.01	2.46	34.73	1.89	50.81	26.85	1.17	11.18	2.89	7.1	6.98	-326.3	38.9	48.02	42.45	47.4	37.31	30.82	48.08
1	11	3	AN2	2.5	i	2	1002.7	15.2	152.4	689.72	11.55	7.97	25.28	13.36	0.58	5.56	1.44	3.53	49.75	17.44	9.21	0.4	3.83	0.99	2.43	34.31	1.89	50.81	26.85	1.17	11.18	2.89	7.1	6.94	-311	38.8	39.68	33.21	38.95	27.25	19.72	39.74
1	12	3	AN2	2.5	i	2	857	16	137.1	688.83	11.55	7.96	25.28	13.36	0.58	5.56	1.44	3.53	49.75	17.41	9.2	0.4	3.83	0.99	2.43	34.27	1.89	50.81	26.85	1.17	11.18	2.89	7.1	6.92	-325.7	37.7	39.79	33.34	39.07	27.38	19.87	39.86
1	13	3	AN2	2.5	i	2	885.8	15.4	136.4	707.01	11.55	8.17	25.28	13.36	0.58	5.56	1.44	3.53	49.75	17.87	9.45	0.41	3.93	1.02	2.5	35.17	1.89	50.81	26.85	1.17	11.18	2.89	7.1	6.94	-339.5	38.2	.	.	.	.	.	.
2	7	3	AN2	2.5	k	2	799.1	17.2	137.4	709.03	9.18	6.51	20.61	11.51	0.44	4.97	0.95	3.63	42.11	14.61	8.16	0.31	3.52	0.67	2.57	29.86	1.79	48.94	27.33	1.04	11.8	2.26	8.62	6.97	-284.4	38.3	33.54	25.08	31.36	24.39	16.53	33.73
2	8	3	AN2	2.5	k	2	795.9	17.7	140.9	712.88	9.18	6.54	20.61	11.51	0.44	4.97	0.95	3.63	42.11	14.69	8.21	0.31	3.54	0.68	2.59	30.02	1.79	48.94	27.33	1.04	11.8	2.26	8.62	6.96	-325.8	36.9	35.26	27.02	33.13	26.34	18.69	35.44
2	9	3	AN2	2.5	k	2	833.6	16.8	140	698.29	9.18	6.41	20.61	11.51	0.44	4.97	0.95	3.63	42.11	14.39	8.04	0.31	3.47	0.66	2.53	29.4	1.79	48.94	27.33	1.04	11.8	2.26	8.62	6.94	-315.9	37.9	35.66	27.47	33.54	26.8	19.19	35.84
2	10	3	AN2	2.5	k	2	779.4	16.1	125.5	721.43	9.18	6.62	20.61	11.51	0.44	4.97	0.95	3.63	42.11	14.87	8.3	0.32	3.59	0.69	2.62	30.38	1.79	48.94	27.33	1.04	11.8	2.26	8.62	6.96	-252	38.4	36.15	28.02	34.05	27.35	19.8	36.32
2	11	3	AN2	2.5	k	2	847.9	15.6	132.3	699.01	9.18	6.42	20.61	11.51	0.44	4.97	0.95	3.63	42.11	14.41	8.05	0.31	3.47	0.66	2.54	29.44	1.79	48.94	27.33	1.04	11.8	2.26	8.62	6.97	-317.9	37.6	34.99	26.71	32.85	26.03	18.34	35.16
2	12	3	AN2	2.5	k	2	688	15.7	108	726.86	9.18	6.67	20.61	11.51	0.44	4.97	0.95	3.63	42.11	14.98	8.37	0.32	3.61	0.69	2.64	30.61	1.79	48.94	27.33	1.04	11.8	2.26	8.62	6.99	-251.8	38.3	36.6	28.53	34.51	27.87	20.37	36.77
2	13	3	AN2	2.5	k	2	744	16.5	122.8	717.74	9.18	6.59	20.61	11.51	0.44	4.97	0.95	3.63	42.11	14.79	8.26	0.32	3.57	0.68	2.61	30.22	1.79	48.94	27.33	1.04	11.8	2.26	8.62	6.99	-253.5	38.4	.	.	.	.	.	.
2	7	4	AT	2.5	c	1	756.3	1.7	12.9	677.02	8.73	5.91	17.86	12.38	0.42	4.37	4.16	4.2	43.39	12.09	8.38	0.28	2.96	2.82	2.84	29.38	1.44	41.16	28.53	0.97	10.07	9.59	9.68	6.97	-331	38	41.15	32.2	41.19	31.92	28.54	41.14
2	8	4	AT	2.5	c	1	.	.	.	.	.	.	.	.	.	.	.	.	.	.	.	.	.	.	.	.	.	.	.	.	.	.	.	6.96	-294.3	36.7	38.29	28.9	38.33	28.6	25.07	38.28
2	9	4	AT	2.5	c	1	767	0	0	665.52	8.73	5.81	17.86	12.38	0.42	4.37	4.16	4.2	43.39	11.89	8.24	0.28	2.91	2.77	2.8	28.88	1.44	41.16	28.53	0.97	10.07	9.59	9.68	6.94	-294.3	37.5	35.36	25.53	35.41	25.22	21.51	35.36
2	10	4	AT	2.5	c	1	787.7	0	0	707.07	8.73	6.17	17.86	12.38	0.42	4.37	4.16	4.2	43.39	12.63	8.75	0.3	3.09	2.94	2.97	30.68	1.44	41.16	28.53	0.97	10.07	9.59	9.68	6.94	-286.3	37.6	39.96	30.83	40.01	30.54	27.1	39.96
2	11	4	AT	2.5	c	1	832.2	0	0	709.42	8.73	6.2	17.86	12.38	0.42	4.37	4.16	4.2	43.39	12.67	8.78	0.3	3.1	2.95	2.98	30.78	1.44	41.16	28.53	0.97	10.07	9.59	9.68	6.96	-320.9	38	38.5	29.15	38.54	28.85	25.32	38.49
2	12	4	AT	2.5	c	1	727.5	0	0	696.87	8.73	6.09	17.86	12.38	0.42	4.37	4.16	4.2	43.39	12.45	8.63	0.29	3.05	2.9	2.93	30.24	1.44	41.16	28.53	0.97	10.07	9.59	9.68	6.97	-281.3	38.1	36.05	26.32	36.09	26.01	22.35	36.04
2	13	4	AT	2.5	c	1	741	0	0	715.36	8.73	6.25	17.86	12.38	0.42	4.37	4.16	4.2	43.39	12.78	8.86	0.3	3.13	2.98	3	31.04	1.44	41.16	28.53	0.97	10.07	9.59	9.68	6.95	-253.4	37.9	.	.	.	.	.	.
1	7	4	AT	2.5	d	1	760.6	4	30.4	649.31	11.86	7.7	21.64	14.83	0.56	5.36	5.47	4.52	52.38	14.05	9.63	0.36	3.48	3.55	2.93	34.01	1.46	41.31	28.31	1.07	10.23	10.44	8.63	6.94	-350.1	37.6	39.33	33.22	41.55	24.01	19.18	39.12
1	8	4	AT	2.5	d	1	790.3	2.2	17.4	656.47	11.86	7.78	21.64	14.83	0.56	5.36	5.47	4.52	52.38	14.21	9.74	0.37	3.52	3.59	2.97	34.39	1.46	41.31	28.31	1.07	10.23	10.44	8.63	6.95	-338.4	38.3	37.02	30.69	39.33	21.12	16.11	36.81
1	9	4	AT	2.5	d	1	772.8	0.6	4.6	641.64	11.86	7.61	21.64	14.83	0.56	5.36	5.47	4.52	52.38	13.89	9.52	0.36	3.44	3.51	2.9	33.61	1.46	41.31	28.31	1.07	10.23	10.44	8.63	6.95	-365.4	38.2	39.89	33.84	42.09	24.71	19.92	39.69
1	10	4	AT	2.5	d	1	1002.9	0	0	655.15	11.86	7.77	21.64	14.83	0.56	5.36	5.47	4.52	52.38	14.18	9.72	0.37	3.51	3.58	2.96	34.32	1.46	41.31	28.31	1.07	10.23	10.44	8.63	6.97	-300.7	38.1	40.54	34.55	42.71	25.52	20.79	40.34
1	11	4	AT	2.5	d	1	823.1	0	0	641.48	11.86	7.6	21.64	14.83	0.56	5.36	5.47	4.52	52.38	13.88	9.51	0.36	3.44	3.51	2.9	33.6	1.46	41.31	28.31	1.07	10.23	10.44	8.63	6.91	-360	38.3	.	.	.	.	.	.
1	12	4	AT	2.5	d	1	709.9	0.4	2.8	653.61	11.86	7.75	21.64	14.83	0.56	5.36	5.47	4.52	52.38	14.14	9.69	0.37	3.5	3.58	2.95	34.24	1.46	41.31	28.31	1.07	10.23	10.44	8.63	6.77	-389	37.5	38.23	32.01	40.49	22.63	17.71	38.02
1	13	4	AT	2.5	d	1	792	0.3	2.4	646.6	11.86	7.67	21.64	14.83	0.56	5.36	5.47	4.52	52.38	13.99	9.59	0.36	3.47	3.54	2.92	33.87	1.46	41.31	28.31	1.07	10.23	10.44	8.63	6.92	-324.3	37.4	.	.	.	.	.	.
1	7	4	AT	2.5	g	2	837.2	9.3	77.9	662.46	11.6	7.69	22.42	13.59	0.55	5.18	4.7	4.33	50.77	14.85	9	0.36	3.43	3.11	2.87	33.63	1.65	44.16	26.77	1.08	10.2	9.26	8.53	6.96	-333.2	38	38.85	31.17	41.83	27.34	21.89	38.57
1	8	4	AT	2.5	g	2	801.4	7.2	57.7	663.35	11.6	7.7	22.42	13.59	0.55	5.18	4.7	4.33	50.77	14.87	9.01	0.36	3.44	3.12	2.87	33.68	1.65	44.16	26.77	1.08	10.2	9.26	8.53	6.97	-336.3	38.5	39.57	31.98	42.52	28.2	22.82	39.3
1	9	4	AT	2.5	g	2	784.3	4	31.4	678.87	11.6	7.88	22.42	13.59	0.55	5.18	4.7	4.33	50.77	15.22	9.23	0.37	3.52	3.19	2.94	34.47	1.65	44.16	26.77	1.08	10.2	9.26	8.53	6.98	-368.6	38.1	37.9	30.1	40.93	26.21	20.67	37.62
1	10	4	AT	2.5	g	2	940.6	1	9.4	662.53	11.6	7.69	22.42	13.59	0.55	5.18	4.7	4.33	50.77	14.85	9	0.36	3.43	3.11	2.87	33.64	1.65	44.16	26.77	1.08	10.2	9.26	8.53	6.99	-325.8	39.9	42.86	35.69	45.65	32.11	27.02	42.61
1	11	4	AT	2.5	g	2	794.6	0.4	3.2	666.93	11.6	7.74	22.42	13.59	0.55	5.18	4.7	4.33	50.77	14.95	9.06	0.37	3.45	3.13	2.89	33.86	1.65	44.16	26.77	1.08	10.2	9.26	8.53	6.97	-339.6	38.9	40.36	32.87	43.27	29.13	23.82	40.09
1	12	4	AT	2.5	g	2	774.6	0.6	4.6	661.2	11.6	7.67	22.42	13.59	0.55	5.18	4.7	4.33	50.77	14.82	8.99	0.36	3.43	3.11	2.86	33.57	1.65	44.16	26.77	1.08	10.2	9.26	8.53	6.94	-418.4	37.9	41.17	33.78	44.04	30.1	24.86	40.91
1	13	4	AT	2.5	g	2	811	0.2	1.6	657.69	11.6	7.63	22.42	13.59	0.55	5.18	4.7	4.33	50.77	14.75	8.94	0.36	3.41	3.09	2.85	33.39	1.65	44.16	26.77	1.08	10.2	9.26	8.53	6.97	-354.2	38.1	.	.	.	.	.	.
2	7	4	AT	2.5	h	2	988.9	13.7	135.5	702.77	10.94	7.69	22.57	12.88	0.53	6.4	2.27	4.11	48.76	15.86	9.05	0.37	4.5	1.6	2.89	34.27	1.75	46.29	26.42	1.09	13.13	4.66	8.43	6.97	-320.2	38.5	37.77	30.43	37.86	25.72	19.52	37.77
2	8	4	AT	2.5	h	2	845.6	14.1	119.2	728.2	10.94	7.97	22.57	12.88	0.53	6.4	2.27	4.11	48.76	16.44	9.38	0.39	4.66	1.65	2.99	35.51	1.75	46.29	26.42	1.09	13.13	4.66	8.43	6.96	-328.8	38.3	41.31	34.38	41.39	29.94	24.09	41.3
2	9	4	AT	2.5	h	2	1041.5	12.3	128.1	724.03	10.94	7.92	22.57	12.88	0.53	6.4	2.27	4.11	48.76	16.34	9.33	0.38	4.63	1.64	2.98	35.3	1.75	46.29	26.42	1.09	13.13	4.66	8.43	6.95	-291.7	38.3	38.36	31.08	38.45	26.42	20.28	38.35
2	10	4	AT	2.5	h	2	1021.5	11.8	120.5	719.17	10.94	7.87	22.57	12.88	0.53	6.4	2.27	4.11	48.76	16.23	9.26	0.38	4.6	1.63	2.96	35.07	1.75	46.29	26.42	1.09	13.13	4.66	8.43	6.97	-274.8	38.1	44.83	38.32	44.91	34.14	28.65	44.82
2	11	4	AT	2.5	h	2	976.2	12.4	121	703.36	10.94	7.69	22.57	12.88	0.53	6.4	2.27	4.11	48.76	15.87	9.06	0.37	4.5	1.6	2.89	34.3	1.75	46.29	26.42	1.09	13.13	4.66	8.43	6.98	-319.6	38	40.08	33.02	40.17	28.48	22.51	40.08
2	12	4	AT	2.5	h	2	860.4	10.5	90.3	716.89	10.94	7.84	22.57	12.88	0.53	6.4	2.27	4.11	48.76	16.18	9.23	0.38	4.59	1.63	2.95	34.96	1.75	46.29	26.42	1.09	13.13	4.66	8.43	7	-258.8	38.3	41.18	34.24	41.26	29.79	23.93	41.17
2	13	4	AT	2.5	h	2	775.3	11	85.3	727.2	10.94	7.96	22.57	12.88	0.53	6.4	2.27	4.11	48.76	16.41	9.37	0.39	4.65	1.65	2.99	35.46	1.75	46.29	26.42	1.09	13.13	4.66	8.43	7	-286.8	38.9	.	.	.	.	.	.
1	7	5	FV1	2.5	a	1	850.2	12.3	104.6	710.78	10.21	7.26	22.87	12.29	0.49	4.98	1.09	3.47	45.19	16.26	8.74	0.35	3.54	0.77	2.47	32.12	1.86	50.61	27.2	1.08	11.02	2.41	7.68	6.97	-318.9	37.4	34.9	26.36	34.73	21.93	13.6	34.91
1	8	5	FV1	2.5	a	1	1031.1	16.4	169.1	711.51	10.21	7.27	22.87	12.29	0.49	4.98	1.09	3.47	45.19	16.27	8.74	0.35	3.54	0.78	2.47	32.15	1.86	50.61	27.2	1.08	11.02	2.41	7.68	6.99	-269.5	37.7	39.8	31.89	39.64	27.8	20.1	39.81
1	9	5	FV1	2.5	a	1	782.2	15.7	122.8	705.32	10.21	7.2	22.87	12.29	0.49	4.98	1.09	3.47	45.19	16.13	8.67	0.35	3.51	0.77	2.45	31.87	1.86	50.61	27.2	1.08	11.02	2.41	7.68	7.02	-373.2	37.9	39.18	31.2	39.02	27.07	19.28	39.2
1	10	5	FV1	2.5	a	1	950.1	16.6	157.7	715.9	10.21	7.31	22.87	12.29	0.49	4.98	1.09	3.47	45.19	16.37	8.8	0.35	3.57	0.78	2.48	32.35	1.86	50.61	27.2	1.08	11.02	2.41	7.68	7.04	-353.4	38.8	36.58	28.26	36.42	23.95	15.83	36.6
1	11	5	FV1	2.5	a	1	851.3	14.3	121.7	698.22	10.21	7.13	22.87	12.29	0.49	4.98	1.09	3.47	45.19	15.97	8.58	0.34	3.48	0.76	2.42	31.55	1.86	50.61	27.2	1.08	11.02	2.41	7.68	7	-338.6	38.1	36.33	27.98	36.17	23.65	15.5	36.35
1	12	5	FV1	2.5	a	1	628.8	15.2	95.6	723.31	10.21	7.39	22.87	12.29	0.49	4.98	1.09	3.47	45.19	16.54	8.89	0.35	3.6	0.79	2.51	32.69	1.86	50.61	27.2	1.08	11.02	2.41	7.68	6.91	-294.9	36.6	36.34	27.99	36.18	23.66	15.52	36.36
1	13	5	FV1	2.5	a	1	1033.4	15.4	159.1	715.22	10.21	7.3	22.87	12.29	0.49	4.98	1.09	3.47	45.19	16.36	8.79	0.35	3.56	0.78	2.48	32.32	1.86	50.61	27.2	1.08	11.02	2.41	7.68	6.97	-254.2	37.2	.	.	.	.	.	.
2	7	5	FV1	2.5	d	1	809.7	13.9	112.5	744.02	9.38	6.98	21.23	13.01	0.47	4.68	1.06	3.64	44.09	15.8	9.68	0.35	3.48	0.79	2.71	32.8	1.63	48.15	29.51	1.07	10.61	2.4	8.26	6.95	-280.9	37.8	38.92	30.66	37.25	28.76	21.07	39.06
2	8	5	FV1	2.5	d	1	877.2	15.6	136.8	724.02	9.38	6.79	21.23	13.01	0.47	4.68	1.06	3.64	44.09	15.37	9.42	0.34	3.39	0.77	2.64	31.92	1.63	48.15	29.51	1.07	10.61	2.4	8.26	6.94	-310.5	36.3	32.96	23.89	31.12	21.8	13.36	33.11
2	9	5	FV1	2.5	d	1	735.6	15.1	111.1	703.51	9.38	6.6	21.23	13.01	0.47	4.68	1.06	3.64	44.09	14.94	9.15	0.33	3.29	0.75	2.56	31.02	1.63	48.15	29.51	1.07	10.61	2.4	8.26	6.94	-299.9	37.5	41.64	33.75	40.04	31.93	24.59	41.78
2	10	5	FV1	2.5	d	1	777.2	16.4	127.5	715.83	9.38	6.72	21.23	13.01	0.47	4.68	1.06	3.64	44.09	15.2	9.31	0.34	3.35	0.76	2.61	31.56	1.63	48.15	29.51	1.07	10.61	2.4	8.26	6.96	-276.3	38.3	36.4	27.79	34.65	25.81	17.81	36.54
2	11	5	FV1	2.5	d	1	881.4	15.5	136.6	720.91	9.38	6.76	21.23	13.01	0.47	4.68	1.06	3.64	44.09	15.3	9.38	0.34	3.37	0.76	2.62	31.78	1.63	48.15	29.51	1.07	10.61	2.4	8.26	6.96	-313.8	38.2	35.44	26.71	33.67	24.7	16.57	35.59
2	12	5	FV1	2.5	d	1	649.7	14.6	94.9	730.07	9.38	6.85	21.23	13.01	0.47	4.68	1.06	3.64	44.09	15.5	9.5	0.34	3.42	0.77	2.66	32.19	1.63	48.15	29.51	1.07	10.61	2.4	8.26	6.97	-280.8	37.8	34.43	25.56	32.63	23.52	15.26	34.58
2	13	5	FV1	2.5	d	1	812.8	15	121.9	734.74	9.38	6.89	21.23	13.01	0.47	4.68	1.06	3.64	44.09	15.6	9.56	0.35	3.44	0.78	2.67	32.39	1.63	48.15	29.51	1.07	10.61	2.4	8.26	6.97	-267.2	38.4	.	.	.	.	.	.
2	7	5	FV1	2.5	j	2	924.7	14.5	134.1	740.57	9.31	6.89	20.36	11.63	0.45	4.2	0.97	3.42	41.03	15.08	8.61	0.33	3.11	0.72	2.53	30.39	1.75	49.62	28.35	1.1	10.24	2.36	8.34	6.97	-273.4	38	34.5	26.32	31.61	17.23	16.28	34.74
2	8	5	FV1	2.5	j	2	731	17.1	125	766.06	9.31	7.13	20.36	11.63	0.45	4.2	0.97	3.42	41.03	15.6	8.91	0.34	3.22	0.74	2.62	31.43	1.75	49.62	28.35	1.1	10.24	2.36	8.34	6.98	-328.3	37	37.91	30.16	35.18	21.55	20.65	38.14
2	9	5	FV1	2.5	j	2	624.8	16.6	103.7	727.84	9.31	6.77	20.36	11.63	0.45	4.2	0.97	3.42	41.03	14.82	8.46	0.33	3.06	0.71	2.49	29.86	1.75	49.62	28.35	1.1	10.24	2.36	8.34	6.96	-307	37.8	35.18	27.08	32.32	18.09	17.15	35.41
2	10	5	FV1	2.5	j	2	760.5	16.2	123.2	742.78	9.31	6.91	20.36	11.63	0.45	4.2	0.97	3.42	41.03	15.12	8.64	0.33	3.12	0.72	2.54	30.48	1.75	49.62	28.35	1.1	10.24	2.36	8.34	6.97	-281.1	38	34.46	26.27	31.57	17.18	16.23	34.7
2	11	5	FV1	2.5	j	2	735.2	16.2	119.1	736.59	9.31	6.86	20.36	11.63	0.45	4.2	0.97	3.42	41.03	15	8.57	0.33	3.09	0.71	2.52	30.22	1.75	49.62	28.35	1.1	10.24	2.36	8.34	7	-335.2	38.3	35	26.88	32.14	17.87	16.92	35.24
2	12	5	FV1	2.5	j	2	809.8	17	137.7	754.27	9.31	7.02	20.36	11.63	0.45	4.2	0.97	3.42	41.03	15.36	8.77	0.34	3.17	0.73	2.58	30.95	1.75	49.62	28.35	1.1	10.24	2.36	8.34	6.99	-262.4	37.9	31.46	22.9	28.44	13.39	12.4	31.71
2	13	5	FV1	2.5	j	2	653.4	17.1	111.7	765.8	9.31	7.13	20.36	11.63	0.45	4.2	0.97	3.42	41.03	15.59	8.91	0.34	3.22	0.74	2.62	31.42	1.75	49.62	28.35	1.1	10.24	2.36	8.34	7.01	-263.9	38.3	.	.	.	.	.	.
1	7	5	FV1	2.5	k	2	744.8	11.4	84.9	614.04	11.5	7.06	25.49	14.04	0.55	5.55	1.33	3.8	50.76	15.65	8.62	0.34	3.41	0.82	2.33	31.17	1.82	50.22	27.66	1.08	10.93	2.62	7.49	6.93	-330.5	37.8	34.17	25.3	33.96	22.98	14.99	34.18
1	8	5	FV1	2.5	k	2	964.1	15	144.6	630.94	11.5	7.25	25.49	14.04	0.55	5.55	1.33	3.8	50.76	16.08	8.86	0.35	3.5	0.84	2.4	32.03	1.82	50.22	27.66	1.08	10.93	2.62	7.49	6.93	-351.7	38.3	35.17	26.43	34.97	24.16	16.29	35.19
1	9	5	FV1	2.5	k	2	903.5	14.4	130.1	632.27	11.5	7.27	25.49	14.04	0.55	5.55	1.33	3.8	50.76	16.12	8.88	0.35	3.51	0.84	2.4	32.09	1.82	50.22	27.66	1.08	10.93	2.62	7.49	6.97	-359.7	37.9	38.53	30.25	38.34	28.09	20.63	38.55
1	10	5	FV1	2.5	k	2	1023.6	14.8	151.5	625.94	11.5	7.2	25.49	14.04	0.55	5.55	1.33	3.8	50.76	15.96	8.79	0.34	3.47	0.83	2.38	31.77	1.82	50.22	27.66	1.08	10.93	2.62	7.49	6.99	-325.4	38.9	39.96	31.87	39.78	29.77	22.48	39.98
1	11	5	FV1	2.5	k	2	880.2	15.8	139.1	621.75	11.5	7.15	25.49	14.04	0.55	5.55	1.33	3.8	50.76	15.85	8.73	0.34	3.45	0.83	2.36	31.56	1.82	50.22	27.66	1.08	10.93	2.62	7.49	6.93	-343.1	38.2	38.74	30.48	38.55	28.33	20.89	38.75
1	12	5	FV1	2.5	k	2	885.2	16.4	145.2	632.47	11.5	7.27	25.49	14.04	0.55	5.55	1.33	3.8	50.76	16.12	8.88	0.35	3.51	0.84	2.4	32.1	1.82	50.22	27.66	1.08	10.93	2.62	7.49	6.92	-332.4	37.7	37.2	28.74	37.01	26.53	18.91	37.22
1	13	5	FV1	2.5	k	2	910.1	15.5	141.1	633.16	11.5	7.28	25.49	14.04	0.55	5.55	1.33	3.8	50.76	16.14	8.89	0.35	3.51	0.84	2.41	32.14	1.82	50.22	27.66	1.08	10.93	2.62	7.49	6.93	-333.6	37.1	.	.	.	.	.	.
2	7	6	FV2	2.5	b	1	847	15.9	134.7	714.62	9.04	6.46	19.76	11.53	0.43	4.93	0.95	3.58	41.18	14.12	8.24	0.31	3.52	0.68	2.56	29.43	1.71	47.98	28	1.04	11.97	2.31	8.69	6.98	-327.2	38.5	40.77	33.9	39.47	24.25	23.86	40.88
2	8	6	FV2	2.5	b	1	748.2	15.4	115.2	737.63	9.04	6.67	19.76	11.53	0.43	4.93	0.95	3.58	41.18	14.58	8.5	0.32	3.64	0.7	2.64	30.38	1.71	47.98	28	1.04	11.97	2.31	8.69	6.99	-264.7	37.2	32.51	24.69	31.02	13.69	13.24	32.63
2	9	6	FV2	2.5	b	1	697.9	16	111.7	725.3	9.04	6.55	19.76	11.53	0.43	4.93	0.95	3.58	41.18	14.33	8.36	0.31	3.58	0.69	2.6	29.87	1.71	47.98	28	1.04	11.97	2.31	8.69	6.97	-284.8	37	31.53	23.6	30.03	12.44	11.98	31.66
2	10	6	FV2	2.5	b	1	728	15.4	112.1	766.5	9.04	6.93	19.76	11.53	0.43	4.93	0.95	3.58	41.18	15.15	8.84	0.33	3.78	0.73	2.74	31.56	1.71	47.98	28	1.04	11.97	2.31	8.69	6.98	-264.9	37.9	33.98	26.33	32.53	15.57	15.13	34.11
2	11	6	FV2	2.5	b	1	968.4	15.1	146.2	752	9.04	6.8	19.76	11.53	0.43	4.93	0.95	3.58	41.18	14.86	8.67	0.32	3.71	0.71	2.69	30.97	1.71	47.98	28	1.04	11.97	2.31	8.69	7	-313.3	38	33.31	25.59	31.85	14.72	14.27	33.44
2	12	6	FV2	2.5	b	1	783.7	15.2	119.1	718.2	9.04	6.49	19.76	11.53	0.43	4.93	0.95	3.58	41.18	14.19	8.28	0.31	3.54	0.68	2.57	29.58	1.71	47.98	28	1.04	11.97	2.31	8.69	7	-267.4	38.1	40.56	33.68	39.26	23.99	23.59	40.67
2	13	6	FV2	2.5	b	1	771.9	15.5	119.6	759.86	9.04	6.87	19.76	11.53	0.43	4.93	0.95	3.58	41.18	15.01	8.76	0.33	3.75	0.72	2.72	31.29	1.71	47.98	28	1.04	11.97	2.31	8.69	6.99	-309.2	38.5	.	.	.	.	.	.
1	7	6	FV2	2.5	f	1	805.6	14.8	119.2	726.52	9.66	7.02	20.98	11.21	0.45	4.54	1.02	3.17	41.37	15.24	8.14	0.33	3.3	0.74	2.3	30.06	1.87	50.71	27.1	1.09	10.97	2.47	7.66	6.98	-332.6	37.9	37.74	28.72	39.26	28.54	20.11	37.62
1	8	6	FV2	2.5	f	1	717.5	15.8	113.4	720.07	9.66	6.96	20.98	11.21	0.45	4.54	1.02	3.17	41.37	15.11	8.07	0.32	3.27	0.73	2.28	29.79	1.87	50.71	27.1	1.09	10.97	2.47	7.66	7.01	-327.3	37.9	34.24	24.71	35.84	24.52	15.62	34.11
1	9	6	FV2	2.5	f	1	805.5	16	128.9	725.11	9.66	7.01	20.98	11.21	0.45	4.54	1.02	3.17	41.37	15.21	8.13	0.33	3.29	0.74	2.3	30	1.87	50.71	27.1	1.09	10.97	2.47	7.66	7	-359	38.4	34.88	25.44	36.47	25.25	16.44	34.75
1	10	6	FV2	2.5	f	1	839.6	15	125.9	736.52	9.66	7.12	20.98	11.21	0.45	4.54	1.02	3.17	41.37	15.45	8.26	0.33	3.34	0.75	2.33	30.47	1.87	50.71	27.1	1.09	10.97	2.47	7.66	7.04	-319.9	38.3	36.18	26.93	37.73	26.74	18.1	36.05
1	11	6	FV2	2.5	f	1	832.3	14.7	122.3	709.78	9.66	6.86	20.98	11.21	0.45	4.54	1.02	3.17	41.37	14.89	7.96	0.32	3.22	0.72	2.25	29.36	1.87	50.71	27.1	1.09	10.97	2.47	7.66	6.99	-307.6	38.4	36.87	27.72	38.4	27.53	18.98	36.74
1	12	6	FV2	2.5	f	1	812.2	14.9	121	722.17	9.66	6.98	20.98	11.21	0.45	4.54	1.02	3.17	41.37	15.15	8.1	0.32	3.28	0.74	2.29	29.88	1.87	50.71	27.1	1.09	10.97	2.47	7.66	6.97	-323.1	37.3	36.31	27.08	37.86	26.89	18.26	36.18
1	13	6	FV2	2.5	f	1	834.6	16.6	138.5	721.99	9.66	6.98	20.98	11.21	0.45	4.54	1.02	3.17	41.37	15.15	8.09	0.32	3.28	0.74	2.29	29.87	1.87	50.71	27.1	1.09	10.97	2.47	7.66	6.99	-311.4	38	.	.	.	.	.	.
1	7	6	FV2	2.5	h	2	936.8	13.7	128.3	641.47	11.79	7.56	25.28	12.69	0.56	5.55	1.31	3.7	49.09	16.22	8.14	0.36	3.56	0.84	2.37	31.49	1.99	51.5	25.85	1.14	11.31	2.67	7.54	6.94	-342.5	38.2	41.69	33.5	40.97	29.41	22.87	41.75
1	8	6	FV2	2.5	h	2	812.3	14.4	117	648.04	11.79	7.64	25.28	12.69	0.56	5.55	1.31	3.7	49.09	16.38	8.22	0.36	3.6	0.85	2.4	31.81	1.99	51.5	25.85	1.14	11.31	2.67	7.54	6.97	-329.2	38.3	36.76	27.87	35.98	23.45	16.35	36.82
1	9	6	FV2	2.5	h	2	950.2	14.6	138.7	648.21	11.79	7.64	25.28	12.69	0.56	5.55	1.31	3.7	49.09	16.39	8.23	0.36	3.6	0.85	2.4	31.82	1.99	51.5	25.85	1.14	11.31	2.67	7.54	6.98	-355.9	37.4	33.96	24.68	33.15	20.06	12.65	34.03
1	10	6	FV2	2.5	h	2	989.1	15.3	151.3	640.19	11.79	7.55	25.28	12.69	0.56	5.55	1.31	3.7	49.09	16.18	8.12	0.36	3.55	0.84	2.37	31.43	1.99	51.5	25.85	1.14	11.31	2.67	7.54	7	-309.8	39.5	40.12	31.7	39.38	27.51	20.79	40.18
1	11	6	FV2	2.5	h	2	918.2	14.2	130.4	645.43	11.79	7.61	25.28	12.69	0.56	5.55	1.31	3.7	49.09	16.32	8.19	0.36	3.58	0.85	2.39	31.68	1.99	51.5	25.85	1.14	11.31	2.67	7.54	6.92	-283.3	38.5	38.1	29.41	37.34	25.07	18.13	38.17
1	12	6	FV2	2.5	h	2	917.1	15.5	142.2	670.38	11.79	7.9	25.28	12.69	0.56	5.55	1.31	3.7	49.09	16.95	8.51	0.38	3.72	0.88	2.48	32.91	1.99	51.5	25.85	1.14	11.31	2.67	7.54	6.92	-333.2	38.2	38.49	29.85	37.74	25.54	18.64	38.55
1	13	6	FV2	2.5	h	2	1053	16.9	178	649.74	11.79	7.66	25.28	12.69	0.56	5.55	1.31	3.7	49.09	16.43	8.25	0.36	3.61	0.85	2.4	31.9	1.99	51.5	25.85	1.14	11.31	2.67	7.54	6.94	-321.9	38.3	.	.	.	.	.	.
2	7	6	FV2	2.5	i	2	969.4	14	135.7	700.03	8.85	6.19	21.32	12.4	0.45	4.52	0.95	3.7	43.34	14.92	8.68	0.32	3.16	0.67	2.59	30.34	1.72	49.19	28.61	1.04	10.43	2.19	8.54	6.95	-263.5	38.4	37.94	28.99	38.49	19.48	19.22	37.89
2	8	6	FV2	2.5	i	2	810.1	15.9	128.8	701.92	8.85	6.21	21.32	12.4	0.45	4.52	0.95	3.7	43.34	14.96	8.7	0.32	3.17	0.67	2.6	30.42	1.72	49.19	28.61	1.04	10.43	2.19	8.54	6.95	-323	37	35.47	26.17	36.05	16.28	16.01	35.42
2	9	6	FV2	2.5	i	2	745.4	16.2	120.8	701.88	8.85	6.21	21.32	12.4	0.45	4.52	0.95	3.7	43.34	14.96	8.7	0.32	3.17	0.67	2.6	30.42	1.72	49.19	28.61	1.04	10.43	2.19	8.54	6.96	-308.1	37.6	33.17	23.53	33.76	13.29	13.01	33.12
2	10	6	FV2	2.5	i	2	849.4	16.4	139.3	695.14	8.85	6.15	21.32	12.4	0.45	4.52	0.95	3.7	43.34	14.82	8.62	0.31	3.14	0.66	2.57	30.13	1.72	49.19	28.61	1.04	10.43	2.19	8.54	6.97	-275.7	38	34.42	24.97	35	14.91	14.64	34.37
2	11	6	FV2	2.5	i	2	908.4	15.6	141.7	698.43	8.85	6.18	21.32	12.4	0.45	4.52	0.95	3.7	43.34	14.89	8.66	0.31	3.16	0.66	2.58	30.27	1.72	49.19	28.61	1.04	10.43	2.19	8.54	6.96	-308.1	38.3	36.16	26.96	36.73	17.17	16.91	36.11
2	12	6	FV2	2.5	i	2	830	15.3	127	707.97	8.85	6.26	21.32	12.4	0.45	4.52	0.95	3.7	43.34	15.09	8.78	0.32	3.2	0.67	2.62	30.68	1.72	49.19	28.61	1.04	10.43	2.19	8.54	6.98	-253	38.3	37.19	28.13	37.75	18.5	18.24	37.14
2	13	6	FV2	2.5	i	2	834.6	15.4	128.5	698.57	8.85	6.18	21.32	12.4	0.45	4.52	0.95	3.7	43.34	14.89	8.66	0.31	3.16	0.66	2.58	30.28	1.72	49.19	28.61	1.04	10.43	2.19	8.54	6.99	-251.9	38.7	.	.	.	.	.	.
2	7	1	TMR	0	a	1	902.6	17.3	156.1	711.11	12.84	9.13	23.16	12.94	0.59	5.93	1.38	3.92	47.92	16.47	9.2	0.42	4.22	0.98	2.79	34.08	1.79	48.33	27	1.23	12.37	2.88	8.18	6.98	-311.8	38.5	41.72	38.75	38.89	28.59	22.31	41.95
2	8	1	TMR	0	a	1	984.3	17	167.3	727.77	12.84	9.35	23.16	12.94	0.59	5.93	1.38	3.92	47.92	16.86	9.42	0.43	4.32	1	2.85	34.87	1.79	48.33	27	1.23	12.37	2.88	8.18	6.97	-245.7	36.7	34.22	30.87	31.03	19.41	12.32	34.48
2	9	1	TMR	0	a	1	827.3	17.5	144.8	686.42	12.84	8.82	23.16	12.94	0.59	5.93	1.38	3.92	47.92	15.9	8.88	0.4	4.07	0.95	2.69	32.89	1.79	48.33	27	1.23	12.37	2.88	8.18	6.97	-267.6	37.5	43.27	40.38	40.51	30.49	24.38	43.49
2	10	1	TMR	0	a	1	922.9	17.7	163.4	719.38	12.84	9.24	23.16	12.94	0.59	5.93	1.38	3.92	47.92	16.66	9.31	0.42	4.27	0.99	2.82	34.47	1.79	48.33	27	1.23	12.37	2.88	8.18	6.97	-279.9	37.6	39.69	36.61	36.75	26.1	19.6	39.92
2	11	1	TMR	0	a	1	961.5	16.8	161.5	721.8	12.84	9.27	23.16	12.94	0.59	5.93	1.38	3.92	47.92	16.72	9.34	0.43	4.28	1	2.83	34.59	1.79	48.33	27	1.23	12.37	2.88	8.18	7	-306.8	37.9	36.74	33.52	33.67	22.49	15.68	36.99
2	12	1	TMR	0	a	1	1061.7	17.2	182.6	713.4	12.84	9.16	23.16	12.94	0.59	5.93	1.38	3.92	47.92	16.52	9.23	0.42	4.23	0.98	2.8	34.19	1.79	48.33	27	1.23	12.37	2.88	8.18	6.98	-300.1	37.4	38.61	35.48	35.63	24.78	18.17	38.85
2	13	1	TMR	0	a	1	864.8	17.7	153.1	748.86	12.84	9.62	23.16	12.94	0.59	5.93	1.38	3.92	47.92	17.34	9.69	0.44	4.44	1.03	2.94	35.89	1.79	48.33	27	1.23	12.37	2.88	8.18	6.99	-290.8	38.2	.	.	.	.	.	.
1	7	1	TMR	0	b	1	969.2	15.2	147.3	629.4	12.98	8.17	24.02	12.2	0.62	6.34	1.52	3.66	48.36	15.12	7.68	0.39	3.99	0.96	2.3	30.44	1.97	49.67	25.23	1.28	13.11	3.14	7.57	6.93	-443	37.7	41.61	36.49	40.13	30.31	26.66	41.73
1	8	1	TMR	0	b	1	910.9	16.7	152.1	648.65	12.98	8.42	24.02	12.2	0.62	6.34	1.52	3.66	48.36	15.58	7.91	0.4	4.11	0.99	2.37	31.37	1.97	49.67	25.23	1.28	13.11	3.14	7.57	6.98	-290.6	38	39.73	34.44	38.2	28.06	24.3	39.85
1	9	1	TMR	0	b	1	937.8	16.5	154.7	630.79	12.98	8.19	24.02	12.2	0.62	6.34	1.52	3.66	48.36	15.15	7.7	0.39	4	0.96	2.31	30.51	1.97	49.67	25.23	1.28	13.11	3.14	7.57	6.99	-367.2	38.4	36.28	30.69	34.66	23.95	19.97	36.41
1	10	1	TMR	0	b	1	1041.9	16	166.7	649.02	12.98	8.43	24.02	12.2	0.62	6.34	1.52	3.66	48.36	15.59	7.92	0.4	4.11	0.99	2.38	31.39	1.97	49.67	25.23	1.28	13.11	3.14	7.57	7.02	-270.6	38.6	37.85	32.39	36.27	25.82	21.94	37.97
1	11	1	TMR	0	b	1	1077.6	15.7	169.2	654.08	12.98	8.49	24.02	12.2	0.62	6.34	1.52	3.66	48.36	15.71	7.98	0.41	4.15	0.99	2.39	31.63	1.97	49.67	25.23	1.28	13.11	3.14	7.57	6.99	-334.4	38.2	39.45	34.13	37.91	27.73	23.95	39.57
1	12	1	TMR	0	b	1	1010.7	.	.	657.79	12.98	8.54	24.02	12.2	0.62	6.34	1.52	3.66	48.36	15.8	8.03	0.41	4.17	1	2.41	31.81	1.97	49.67	25.23	1.28	13.11	3.14	7.57	6.9	-311	37.1	45.84	41.08	44.46	35.35	31.97	45.95
1	13	1	TMR	0	b	1	1152	16.4	188.9	661.67	12.98	8.59	24.02	12.2	0.62	6.34	1.52	3.66	48.36	15.89	8.07	0.41	4.19	1.01	2.42	32	1.97	49.67	25.23	1.28	13.11	3.14	7.57	6.95	-286	37.1	.	.	.	.	.	.
1	7	1	TMR	0	j	2	868	14.9	129.3	696.41	12.52	8.72	24.18	13.25	0.58	5.67	1.49	3.48	48.65	16.84	9.23	0.4	3.95	1.04	2.42	33.88	1.82	49.7	27.24	1.19	11.65	3.06	7.15	6.94	-328.4	37.6	41.32	36.04	41.06	28.85	26.41	41.35
1	8	1	TMR	0	j	2	877	15.7	137.7	714.92	12.52	8.95	24.18	13.25	0.58	5.67	1.49	3.48	48.65	17.29	9.47	0.41	4.05	1.07	2.49	34.78	1.82	49.7	27.24	1.19	11.65	3.06	7.15	6.97	-340.6	37.7	39.06	33.57	38.78	26.11	23.56	39.08
1	9	1	TMR	0	j	2	874.6	15	131.2	762.99	12.52	9.56	24.18	13.25	0.58	5.67	1.49	3.48	48.65	18.45	10.11	0.44	4.33	1.14	2.66	37.12	1.82	49.7	27.24	1.19	11.65	3.06	7.15	6.99	-363	37.5	40.3	34.92	40.03	27.62	25.13	40.32
1	10	1	TMR	0	j	2	842.6	15.8	133.1	758.53	12.52	9.5	24.18	13.25	0.58	5.67	1.49	3.48	48.65	18.34	10.05	0.44	4.3	1.13	2.64	36.9	1.82	49.7	27.24	1.19	11.65	3.06	7.15	7.02	-325.8	38.9	41.28	35.99	41.01	28.8	26.35	41.3
1	11	1	TMR	0	j	2	768.3	15.1	116	745.31	12.52	9.33	24.18	13.25	0.58	5.67	1.49	3.48	48.65	18.02	9.88	0.43	4.23	1.11	2.59	36.26	1.82	49.7	27.24	1.19	11.65	3.06	7.15	6.98	-324.7	38.1	41.06	35.75	40.79	28.53	26.07	41.08
1	12	1	TMR	0	j	2	788.7	17	134.1	739.18	12.52	9.26	24.18	13.25	0.58	5.67	1.49	3.48	48.65	17.87	9.79	0.43	4.19	1.1	2.57	35.96	1.82	49.7	27.24	1.19	11.65	3.06	7.15	6.95	-383.8	37.2	38.1	32.53	37.82	24.95	22.37	38.13
1	13	1	TMR	0	j	2	784.9	17	133.4	734.39	12.52	9.2	24.18	13.25	0.58	5.67	1.49	3.48	48.65	17.76	9.73	0.43	4.16	1.09	2.56	35.73	1.82	49.7	27.24	1.19	11.65	3.06	7.15	6.98	-379.6	37.5	.	.	.	.	.	.
2	7	1	TMR	0	l	2	1074.1	16.6	178.3	716.29	12.52	8.97	22.63	12.63	0.56	6.18	1.32	3.94	47.26	16.21	9.05	0.4	4.43	0.95	2.82	33.85	1.79	47.88	26.72	1.18	13.08	2.79	8.34	6.95	-304.1	38.2	39.67	36.01	36.68	24.88	17.75	39.91
2	8	1	TMR	0	l	2	957.4	17.8	170.4	727.23	12.52	9.1	22.63	12.63	0.56	6.18	1.32	3.94	47.26	16.46	9.18	0.41	4.49	0.96	2.87	34.37	1.79	47.88	26.72	1.18	13.08	2.79	8.34	6.97	-321.4	35.9	39.71	36.04	36.71	24.93	17.8	39.94
2	9	1	TMR	0	l	2	1005.2	18.2	182.9	717.08	12.52	8.98	22.63	12.63	0.56	6.18	1.32	3.94	47.26	16.23	9.06	0.4	4.43	0.95	2.83	33.89	1.79	47.88	26.72	1.18	13.08	2.79	8.34	6.95	-314.6	37.5	42.33	38.83	39.47	28.2	21.38	42.56
2	10	1	TMR	0	l	2	930.1	18.7	173.9	721.39	12.52	9.03	22.63	12.63	0.56	6.18	1.32	3.94	47.26	16.33	9.11	0.4	4.46	0.95	2.84	34.09	1.79	47.88	26.72	1.18	13.08	2.79	8.34	6.96	-247.2	37.6	45.84	42.55	43.15	32.56	26.16	46.05
2	11	1	TMR	0	l	2	865.3	18.3	158.3	720.77	12.52	9.02	22.63	12.63	0.56	6.18	1.32	3.94	47.26	16.31	9.1	0.4	4.45	0.95	2.84	34.06	1.79	47.88	26.72	1.18	13.08	2.79	8.34	6.97	-314.8	37.7	35.81	31.91	32.62	20.08	12.49	36.06
2	12	1	TMR	0	l	2	903.3	17	153.6	725.65	12.52	9.09	22.63	12.63	0.56	6.18	1.32	3.94	47.26	16.42	9.16	0.41	4.48	0.96	2.86	34.29	1.79	47.88	26.72	1.18	13.08	2.79	8.34	6.99	-250.5	37.9	34.98	31.03	31.75	19.05	11.36	35.24
2	13	1	TMR	0	l	2	1038.8	18.1	188	731.25	12.52	9.16	22.63	12.63	0.56	6.18	1.32	3.94	47.26	16.55	9.24	0.41	4.52	0.97	2.88	34.56	1.79	47.88	26.72	1.18	13.08	2.79	8.34	6.96	-253.8	38.3	.	.	.	.	.	.
