	s100	s102	s104	s106	s108	s110	s11	s123	s124	s125	s126	s127	s128	s129	s130	s131	s132	s133	s134	s13	s15	s17	s19	s1	s21	s23	s25	s27	s29	s31	s44	s45	s46	s47	s48	s49	s4	s50	s51	s52	s53	s54	s55	s80	s83	s88	s90	s92	s94	s96	s98	s9	GC
rstcMAG_005 Bacteroidaceae (Ga6A1 sp900102385)	130.773	75.806	57.905	25.055	34.115	87.521	6.546	1.793	2.935	1.549	2.476	1.987	2.438	19.42	2.198	2.368	1.691	1.849	2.985	5.445	9.19	8.555	5.905	3.761	23.118	77.335	6.226	9.612	6.687	7.566	1.787	1.941	1.427	1.638	2.165	2.035	4.853	10.033	10.546	2.179	1.596	2.589	1.554	3.479	4.258	21.33	68.643	34.958	37.206	96.842	76.382	5.197	45.14
rstcMAG_007 Prevotella (sp905236755)	261.416	253.396	308.011	95.393	190.969	250.874	33.988	12.035	12.314	10.665	11.631	10.803	15.76	86.081	14.485	21.462	12.284	13.115	15.118	61.288	57.057	72.105	52.632	3.714	73.455	177.492	38.555	68.966	54.093	37.776	20.572	5.993	10.837	8.967	11.364	7.728	6.083	55.397	71.455	21.314	15.955	11.336	8.386	3.252	4.563	93.097	216.98	106.481	104.034	307.087	186.826	37.574	41.91
rstcMAG_010 Gastranaerophilaceae (RGIG6874)	2.108	2.091	2.554	3.824	2.737	2.013	1.48	18.071	19.954	18.64	19.608	26.105	20.849	6.044	8.339	11.327	20.827	22.13	14.503	1.053	1.25	1.137	1.215	1.532	1.355	1.321	1.204	1.052	1.232	1.052	1.894	3.245	1.137	0.857	1.024	1.278	1.787	0.876	1.366	0.765	0.675	0.835	0.588	1.594	2.292	3.028	2.188	2.785	3.236	1.69	2.401	1.021	33.82
rstcMAG_014 Faecousia	0.395	0.596	1.294	1.043	1.017	1.526	1.677	2.834	3.508	5.355	5.978	5.995	5.03	1.532	3.038	4.473	4.711	6.689	10.952	6.683	3.017	3.289	3.119	8.506	0.699	0.733	2.171	2.46	2.677	2.405	3.818	2.269	7.858	4.922	6.493	3.656	2.2	1.52	1.537	4.208	2.008	8.382	3.411	9.932	3.089	0.509	0.984	0.498	1.132	0.679	1.05	1.975	59.91
rstcMAG_015 Bacteroidaceae (UBA6382 sp900316315)	0.282	2.0	0.318	0.146	0.285	0.68	4.193	0.266	0.267	0.508	0.327	0.345	0.315	0.605	0.703	0.351	0.327	0.39	0.437	4.682	3.802	3.749	5.446	0.729	4.428	5.881	4.246	7.169	4.471	3.658	1.914	0.792	1.153	1.392	1.085	0.921	0.924	4.865	4.281	1.531	1.796	0.788	0.902	0.756	0.882	0.126	0.298	0.22	0.253	0.381	0.395	3.086	51.92
rstcMAG_017 Lachnospiraceae (NK4A144 sp900114405)	11.463	13.475	23.652	10.801	14.103	22.175	33.548	0.926	1.548	0.54	1.268	0.52	0.671	0.599	0.558	0.869	0.744	0.661	0.912	13.969	55.417	24.727	20.735	1.31	3.943	6.344	31.304	20.355	11.85	14.457	2.572	1.001	0.895	3.101	1.605	1.554	0.617	0.815	0.728	3.781	3.604	1.228	1.007	1.188	0.766	13.859	19.281	12.142	30.833	34.944	19.749	18.755	39.88
rstcMAG_018 Cryptobacteroides (sp900316045)	2.038	4.706	0.326	0.31	0.3	0.379	16.771	0.627	0.422	1.081	0.647	0.478	0.701	7.376	11.171	0.518	0.479	0.516	0.757	27.656	21.703	19.204	28.377	0.89	16.456	43.187	19.177	25.809	19.523	22.953	12.096	5.327	18.891	13.888	17.655	13.223	0.576	21.502	30.598	19.333	14.841	11.175	16.596	1.017	0.611	0.92	0.507	0.29	0.533	0.267	0.406	17.93	47.74
rstcMAG_020 Anaerovoracaceae (RUG11894)	0.495	1.156	0.825	0.577	1.028	0.663	1.184	5.24	10.348	5.691	4.122	6.579	6.292	3.915	9.704	6.826	6.995	7.802	6.822	1.154	1.018	0.93	1.401	3.785	0.945	0.948	0.965	1.115	1.233	1.2	2.384	1.597	6.123	1.248	5.386	1.275	1.05	3.303	2.676	1.366	1.507	7.087	1.903	4.716	1.345	0.627	0.826	0.431	0.68	0.585	0.706	1.016	58.95
rstcMAG_032 Oscillospirales (CAG-272)	0.056	0.334	0.393	0.676	0.33	0.34	0.36	4.56	7.199	7.295	8.098	6.856	5.774	0.267	6.825	5.884	5.169	7.775	7.412	0.337	0.436	0.421	0.324	0.933	0.112	0.132	0.289	0.314	0.365	0.281	6.029	3.784	2.248	2.732	3.317	2.134	0.427	0.253	0.243	2.045	1.731	3.275	1.921	1.146	0.637	0.347	0.383	0.316	0.849	0.312	0.522	0.529	53.06
rstcMAG_034 Oribacterium (sp900318695)	54.047	57.057	46.103	38.593	42.837	58.42	15.244	4.242	7.495	4.712	6.236	4.074	7.529	11.17	6.42	8.55	4.849	5.869	7.737	18.926	14.293	16.409	13.52	1.03	15.892	22.031	10.825	15.482	14.082	9.307	5.109	2.57	5.646	5.267	5.785	4.195	0.784	9.881	10.724	7.193	11.212	5.647	5.471	0.963	0.777	24.685	38.625	29.002	31.37	43.226	44.49	7.264	43.65
rstcMAG_036 Candidatus Limosilactobacillus merdipullorum	5.106	3.241	1.357	2.954	1.807	1.076	19.218	0.386	0.376	0.359	0.406	0.422	0.389	0.726	0.44	0.451	0.33	0.418	0.409	5.893	17.707	12.157	9.147	0.264	39.423	18.442	1.565	9.021	12.594	6.604	0.549	1.829	1.261	1.999	2.144	1.742	0.12	4.782	5.024	0.541	1.127	1.264	1.17	0.243	0.13	7.685	1.492	2.634	2.495	0.79	1.708	1.535	47.1
rstcMAG_042 Hornefia butyriciproducens	1.523	1.858	2.612	0.773	1.847	2.873	11.234	0.697	0.828	1.47	1.334	0.75	1.628	7.873	1.488	0.985	0.804	1.555	1.448	14.836	13.861	12.697	15.956	0.782	7.694	10.951	12.739	18.523	13.696	9.979	1.967	1.127	3.804	3.261	3.135	2.022	0.227	18.507	15.949	1.042	1.3	1.207	0.902	0.813	0.309	0.659	2.383	0.564	1.27	2.227	2.563	7.82	52.31
rstcMAG_043 Elusimicrobiaceae (UBA1436 sp017525025)	0.52	0.574	0.958	2.651	4.492	0.989	0.684	11.023	79.703	3.622	60.078	166.456	10.135	0.347	0.876	29.277	59.051	92.632	51.252	0.399	0.556	0.453	0.562	1.055	0.412	0.553	0.413	0.461	0.489	0.384	1.806	1.015	1.114	5.192	3.886	1.195	1.258	0.486	0.39	1.896	1.571	0.452	0.453	0.907	0.93	7.415	2.338	0.825	6.877	1.382	0.596	0.395	45.76
rstcMAG_044 Acidaminococcus fermentans	5.698	15.334	18.267	7.756	14.076	16.972	18.342	2.77	4.142	4.594	2.157	21.655	2.236	4.414	4.515	6.852	2.072	4.781	3.718	21.163	14.927	16.258	21.472	1.043	7.497	16.958	16.674	27.413	27.234	21.398	4.777	5.16	10.586	1.909	3.804	3.679	0.469	2.446	5.505	5.682	6.369	4.997	2.829	1.077	0.652	8.035	26.773	3.657	4.946	9.514	10.185	9.792	56.18
rstcMAG_049 Bilifractor (sp900318405)	15.566	19.493	8.57	1.824	33.278	10.938	22.62	0.746	2.039	1.182	4.767	6.322	1.005	5.979	5.181	1.107	1.486	8.337	4.085	12.165	55.497	39.396	47.565	1.889	20.784	120.702	178.6	38.421	18.069	127.531	3.806	0.832	2.093	1.064	2.618	1.411	0.619	4.041	9.086	4.034	0.916	1.092	1.376	1.923	0.848	0.718	15.969	0.777	8.599	11.946	3.549	75.035	52.01
rstcMAG_054 Pseudoramibacter fermentans	6.826	60.65	144.757	43.869	150.942	154.021	88.263	17.533	27.573	30.03	39.102	27.961	16.138	7.938	10.078	28.129	31.981	33.141	46.032	284.565	124.22	208.07	134.739	1.346	175.057	182.003	270.421	117.007	330.467	242.14	23.982	5.523	34.399	8.79	15.958	5.415	0.838	24.59	47.435	6.878	3.827	6.376	4.342	1.479	1.071	52.165	103.673	36.495	50.605	148.924	70.677	181.223	51.34
rstcMAG_057 Weimeria (sp900316165)	0.401	0.581	0.68	0.346	0.662	0.709	1.054	0.243	0.307	0.259	0.288	0.256	0.283	0.322	0.304	0.271	0.265	0.287	0.328	4.256	0.66	12.548	1.107	1.106	0.708	0.839	15.559	0.922	1.056	4.406	0.501	0.197	0.369	0.216	0.334	0.18	0.418	0.289	0.311	0.302	0.233	0.204	0.241	1.102	0.574	0.359	0.665	0.431	0.468	0.635	0.662	9.876	44.82
rstcMAG_058 Lactobacillus amylovorus	1129.298	849.931	704.17	1634.732	980.24	569.156	639.34	158.967	148.458	99.171	108.187	160.8	128.249	210.363	93.734	166.838	76.236	117.533	134.749	379.783	883.289	733.375	384.456	0.955	742.447	614.332	608.162	521.563	695.81	346.396	148.515	97.35	61.777	88.309	147.324	114.316	1.506	161.904	228.494	79.615	54.974	46.587	37.726	0.953	1.32	2494.755	843.762	1436.916	1655.254	333.256	777.479	884.194	38.48
rstcMAG_059 Bilifractor (sp000702845)	1.039	2.737	1.938	0.881	2.1	1.635	2.867	4.021	3.129	5.575	5.239	4.663	4.97	5.545	9.792	4.844	4.721	6.186	6.204	1.965	1.802	1.794	3.219	3.073	3.822	3.424	2.184	3.722	2.286	2.314	1.38	1.662	2.349	0.82	1.816	0.739	0.893	8.437	10.254	0.811	0.691	1.161	0.986	2.809	0.977	1.085	1.679	0.751	1.372	1.431	1.395	2.577	49.29
rstcMAG_064 Enterocloster bolteae	1.337	1.611	1.027	0.504	1.184	1.476	2.177	0.384	1.013	0.616	0.937	0.469	0.791	1.321	1.615	0.448	0.403	0.482	0.781	1.711	1.854	1.637	2.662	0.544	1.721	2.775	2.042	2.97	2.01	1.552	0.301	0.393	0.54	0.613	0.441	0.327	0.215	1.121	1.496	0.589	0.608	0.473	0.456	0.583	0.28	0.353	1.109	0.658	0.714	1.081	0.84	1.22	49.71
rstcMAG_069 Streptococcus equinus	116.502	64.541	67.777	66.214	49.022	62.306	33.429	23.266	27.846	24.635	24.598	18.927	49.622	85.933	41.155	52.985	36.15	35.602	50.047	46.073	25.189	31.431	17.084	1.755	41.639	41.084	22.104	22.26	35.148	27.115	23.604	16.57	45.89	24.19	30.976	18.743	2.018	56.493	45.738	22.915	19.863	19.724	27.72	1.871	2.076	82.539	97.409	28.64	57.235	43.803	68.726	24.416	37.98
rstcMAG_070 Lachnospiraceae (UBA2912 sp900314775)	2.884	3.118	2.356	2.837	2.79	8.427	175.902	0.943	1.979	2.072	6.206	1.189	1.13	1.414	1.377	1.05	1.045	1.129	3.805	14.008	60.237	38.395	229.314	2.028	18.577	49.755	16.83	79.185	34.72	44.179	4.989	2.826	3.214	5.937	5.897	7.688	0.62	6.677	19.221	1.865	3.522	2.51	3.206	2.169	0.838	4.324	8.529	2.913	5.052	2.34	2.239	40.859	51.39
rstcMAG_071 Lachnospiraceae (XBB1006 sp024694785)	0.387	0.564	3.19	2.51	2.331	4.741	1.561	2.013	2.773	2.247	3.928	3.826	3.16	0.27	1.161	2.809	2.311	4.06	5.166	4.232	4.157	3.057	4.823	1.313	0.273	0.57	1.958	6.319	2.037	4.104	1.354	0.773	3.822	3.758	1.27	1.425	0.509	0.235	0.271	1.562	2.148	1.204	2.151	1.564	0.71	2.017	4.144	1.212	5.05	5.51	4.323	2.181	41.0
rstcMAG_072 Lachnospiraceae (SIG336)	2.507	3.459	4.405	2.24	2.384	3.894	3.805	0.566	0.725	0.691	0.733	0.543	0.617	1.136	0.81	0.671	0.579	0.651	0.746	3.4	2.334	2.652	4.326	1.972	2.154	5.416	1.927	2.371	3.676	2.287	0.535	0.357	0.511	0.475	0.493	0.423	0.653	0.694	0.956	0.433	0.366	0.381	0.384	2.105	0.939	1.969	2.98	2.0	3.643	4.797	3.894	2.549	49.57
rstcMAG_080 Bacteroidales(W3P20-009 sp015061285)	27.726	26.858	21.974	7.882	7.576	14.502	6.285	0.543	0.673	0.606	0.816	0.674	0.686	4.073	0.73	0.892	0.607	0.703	0.77	3.576	7.904	5.518	3.504	0.977	5.395	11.99	5.021	5.335	2.951	1.58	0.806	1.015	0.767	0.806	0.821	0.915	1.339	2.8	2.123	0.768	1.045	0.653	0.688	1.076	1.246	6.274	9.69	14.491	10.508	19.981	33.994	7.395	43.42
rstcMAG_081 Borkfalkiaceae (UBA10281)	0.046	0.087	0.183	0.224	0.415	0.173	0.336	1.754	1.028	2.702	1.641	4.24	9.598	0.123	4.963	1.531	1.881	9.603	4.995	0.145	0.245	0.223	0.391	0.159	0.109	0.124	0.215	0.283	0.322	0.143	1.796	3.948	1.783	1.046	2.494	0.816	0.193	0.116	0.071	0.624	1.617	3.473	2.296	0.19	0.601	0.281	0.147	0.166	0.234	0.087	0.207	0.215	42.58
rstcMAG_085 Bifidobacterium thermophilum	25.53	27.884	8.883	3.857	29.77	6.18	65.294	8.324	2.769	9.572	11.166	16.661	1.105	7.3	3.866	3.152	0.851	5.012	1.716	110.678	43.394	93.508	60.857	0.299	125.529	153.764	110.161	54.909	64.203	101.301	9.435	2.321	10.751	3.311	11.019	9.624	0.211	13.474	44.257	4.786	4.047	3.195	4.056	0.364	0.264	49.529	9.191	26.789	45.779	55.122	6.226	50.042	60.3
rstcMAG_091 Enterocloster aldenensis	1.457	2.066	2.152	0.573	0.953	1.763	3.899	0.625	0.886	0.687	0.816	0.651	1.674	2.399	1.165	1.251	0.797	0.641	0.964	1.86	3.336	2.166	5.335	0.675	2.093	3.658	1.883	4.371	2.261	3.782	1.523	3.166	1.733	1.905	1.58	1.497	0.272	2.133	6.482	2.931	1.877	2.63	5.156	0.717	0.355	0.546	1.952	0.609	0.734	1.26	1.072	2.789	50.35
rstcMAG_093 Limosilactobacillus panis	7.008	8.395	0.425	1.445	0.981	0.415	114.14	0.132	0.074	0.112	0.175	0.106	0.1	0.455	0.259	0.136	0.065	0.086	0.102	11.086	32.144	16.624	7.487	0.068	450.447	77.159	0.783	44.758	9.229	5.844	0.767	6.718	1.055	1.918	1.261	1.037	0.067	61.691	10.777	0.16	3.766	0.55	0.794	0.083	0.066	13.97	0.767	1.43	1.593	0.274	1.203	16.648	48.7
rstcMAG_095 Bacteroidales (UBA1217)	5.229	4.126	6.637	12.581	11.847	4.765	0.584	81.655	248.39	140.242	424.497	151.741	122.384	4.053	25.621	79.193	81.651	134.354	200.376	0.375	0.598	0.613	0.496	1.783	0.459	0.597	0.45	0.428	0.64	0.356	7.918	5.008	3.675	4.221	8.619	3.352	1.503	2.631	1.519	8.023	2.437	7.348	1.816	2.053	1.582	17.697	7.25	14.674	55.737	3.314	6.228	0.596	50.31
rstcMAG_098 Christensenellaceae (QANA01 sp019420265)	2.219	0.863	0.583	0.382	3.747	0.921	0.781	1.814	1.212	11.834	14.119	1.785	1.111	11.653	0.602	1.728	0.429	9.197	2.839	0.836	0.782	1.097	2.124	0.757	2.44	3.158	0.81	1.069	0.828	0.723	0.305	0.323	0.385	0.563	0.427	0.345	0.605	3.57	36.549	0.415	0.35	0.389	0.379	0.94	1.156	0.464	0.474	2.066	1.573	0.588	0.827	0.407	53.73
rstcMAG_100 Enterocloster lavalensis	1.969	4.016	1.868	1.546	2.756	3.125	3.582	0.427	1.992	1.608	2.079	1.649	3.911	2.27	1.787	1.622	2.345	1.512	2.99	2.947	2.509	3.288	5.017	1.199	1.536	2.901	3.31	2.914	3.601	3.386	2.132	1.347	3.791	0.749	2.123	0.956	0.382	1.285	1.69	2.065	0.571	2.185	4.7	1.313	0.532	0.204	2.675	1.043	1.403	2.474	3.372	3.093	56.04
rstcMAG_104 Eubacterium_(T) saphenum_(A)	22.126	64.984	149.945	50.233	84.263	92.016	395.619	2.323	2.697	7.504	4.122	2.307	2.769	5.246	2.598	3.963	3.169	3.244	5.359	165.274	261.766	258.123	612.532	1.552	138.908	126.992	313.404	438.791	350.248	246.476	7.7	3.103	3.873	7.495	10.021	7.575	0.503	7.841	14.931	4.886	7.043	5.618	3.828	1.593	0.68	32.406	72.068	49.618	51.325	67.175	85.375	238.357	49.54
rstcMAG_110 Lactobacillus	23.4	39.642	7.43	98.714	106.955	31.183	23.447	0.382	3.045	0.732	0.584	0.619	2.706	0.918	1.38	0.71	1.564	3.607	1.516	2.221	7.363	3.79	13.1	0.078	4.837	11.58	2.722	27.521	87.758	16.214	0.461	1.164	0.26	0.472	0.54	0.908	0.127	0.655	1.277	0.307	1.531	2.645	1.171	0.102	0.137	8.152	61.462	8.909	9.768	6.016	45.976	3.11	34.42
rstcMAG_112 Dysosmobacter (sp017469475)	1.639	3.345	2.003	1.507	2.15	1.275	2.918	1.688	10.381	6.049	5.662	18.53	9.769	20.172	22.504	10.507	8.947	6.429	10.061	2.934	1.83	2.101	2.649	4.669	1.87	2.155	1.116	2.278	2.604	2.165	3.589	12.666	7.857	2.77	7.363	5.4	1.722	12.069	10.307	1.791	3.288	7.071	8.601	5.558	2.347	0.46	1.501	0.949	1.186	1.928	1.473	1.778	63.94
rstcMAG_127 Schwartzia succinivorans	24.325	7.796	35.487	6.83	30.494	19.962	13.785	4.1	3.593	3.805	5.107	4.2	4.965	13.416	2.808	8.084	3.401	7.022	6.582	19.444	19.936	13.735	11.498	0.68	4.25	8.674	14.173	15.355	13.282	10.151	4.647	1.255	5.884	2.853	2.965	2.364	0.69	3.817	3.889	8.927	3.091	2.658	1.618	0.684	0.693	12.043	12.75	9.04	8.734	21.552	14.845	7.128	48.35
rstcMAG_130 Oscillospirales (RGIG8002)	0.274	0.583	0.578	0.793	0.797	0.42	0.751	1.16	1.058	3.575	1.739	1.792	2.86	0.812	1.64	3.866	3.978	4.364	5.366	0.589	0.536	0.445	0.719	1.906	0.481	0.532	0.549	0.58	0.685	0.643	0.856	0.824	0.994	0.919	0.945	0.792	1.042	0.609	0.639	1.109	0.911	1.156	0.944	2.399	1.416	0.419	0.407	1.158	0.624	0.303	0.503	0.575	58.43
rstcMAG_142 Lentihominibacter	0.284	0.444	1.124	0.465	0.785	1.581	5.078	2.376	2.04	2.865	2.525	2.396	2.761	4.161	2.564	2.561	2.159	3.083	2.517	5.652	3.705	4.111	10.191	2.144	0.822	0.812	5.236	9.852	5.502	7.514	2.397	2.533	3.082	2.959	2.209	2.68	0.543	3.098	1.62	2.695	2.67	2.924	2.724	2.511	0.679	0.56	0.947	0.297	0.84	1.317	1.377	3.41	54.66
rstcMAG_150 Lentihominibacter	0.333	0.545	1.274	0.641	0.738	0.654	1.485	2.801	2.539	4.374	2.569	3.461	4.424	1.403	3.804	6.849	4.74	4.958	3.443	1.771	1.124	1.197	1.804	2.55	0.642	0.704	1.766	2.778	1.704	2.6	4.241	4.745	6.759	5.554	4.299	5.09	0.891	1.394	1.388	6.43	6.715	7.553	7.046	2.993	1.217	0.377	0.628	0.285	0.496	0.639	0.7	1.098	60.28
rstcMAG_155 Ligilactobacillus salivarius	6.013	197.425	3.063	243.629	3.302	86.609	17.321	0.56	13.2	10.542	9.13	9.034	11.04	0.781	11.956	0.704	8.629	0.555	15.018	19.785	44.544	36.005	37.76	0.171	37.941	32.315	7.729	25.1	17.769	28.024	11.22	1.917	1.797	7.093	4.601	5.737	0.227	11.426	11.579	1.172	4.469	0.748	7.405	0.187	0.292	8.4	159.007	168.708	109.892	68.683	111.896	17.946	33.0
rstcMAG_171 Eremiobacterota (JAKSUM01)	0.101	0.115	0.48	0.238	0.283	0.344	0.367	0.773	0.381	4.092	2.249	0.761	3.118	0.155	0.281	6.375	2.921	10.819	8.45	0.334	0.436	0.331	0.315	0.394	0.126	0.142	0.241	0.812	0.241	0.347	0.899	4.212	4.757	7.464	2.194	3.104	0.254	0.159	0.149	1.451	2.391	1.897	2.89	0.622	0.473	0.106	0.162	0.208	0.187	0.166	0.227	0.197	55.8
rstcMAG_172 Lactobacillus delbrueckii	21.523	8.801	40.511	6.79	39.964	2.314	40.012	0.562	2.123	0.671	0.487	0.74	0.479	1.583	0.62	5.962	0.33	2.383	0.534	11.671	30.053	18.175	27.304	0.141	15.5	30.563	31.03	14.994	15.648	11.433	4.527	2.531	1.289	2.136	2.494	3.051	0.05	2.986	8.793	3.524	1.249	1.152	0.902	0.163	0.078	7.855	20.629	15.299	7.82	2.944	2.739	24.436	49.98
rstcMAG_173 Anaerovoracaceae (UBA1764)	0.333	0.867	1.276	2.428	0.723	1.292	3.695	38.655	12.077	10.18	29.96	35.277	16.999	0.761	5.216	3.629	17.702	6.359	15.478	2.944	3.21	2.841	2.526	1.314	0.424	0.607	2.706	2.406	1.675	2.293	130.501	309.669	130.285	44.317	76.89	80.903	0.513	0.76	0.849	57.809	62.326	38.434	65.331	1.382	0.789	2.892	2.086	0.916	4.196	3.154	1.66	3.229	47.34
rstcMAG_175 Lachnospiraceae (UBA1066 sp900317045)	2.39	3.42	3.832	1.233	2.883	2.292	4.716	0.979	1.194	1.752	1.271	1.421	1.443	3.754	1.768	1.495	1.399	1.323	1.909	4.227	3.181	2.623	7.24	2.051	5.08	5.001	3.727	3.942	5.006	4.176	1.639	0.827	1.211	0.896	2.492	0.79	0.692	4.465	5.559	1.359	1.437	1.413	1.023	2.151	0.925	0.942	2.517	0.901	1.246	2.755	2.147	8.174	58.69
rstcMAG_180 Paludibacteraceae (UBA1723 sp002371265)	69.489	56.358	20.807	18.361	22.919	57.758	4.973	0.493	1.466	0.848	0.698	0.684	1.005	14.121	0.815	0.567	0.735	0.637	1.083	9.094	5.164	8.001	8.898	1.206	35.674	35.619	4.968	14.137	2.959	4.231	0.485	0.432	0.311	0.29	0.474	0.375	0.849	5.172	4.573	0.808	1.255	0.385	0.448	2.163	0.869	3.521	34.358	26.516	26.523	93.329	61.864	4.914	40.64
rstcMAG_181 Clostridia (HGM11501)	0.08	1.54	0.974	0.73	0.315	0.839	0.207	25.899	25.402	10.625	8.355	15.89	42.73	0.199	63.758	36.051	13.306	5.771	63.252	0.745	0.211	0.252	0.192	0.44	0.08	0.106	0.175	0.229	0.193	0.165	7.196	1.86	71.385	9.987	24.799	1.164	0.256	0.192	0.239	13.792	7.602	13.29	2.425	0.526	0.413	1.107	0.482	0.322	0.582	0.274	1.337	0.2	45.84
rstcMAG_186 Ruminococcus	0.384	0.507	1.387	2.494	1.685	1.379	4.96	0.21	0.236	0.248	0.314	0.211	0.278	0.241	0.23	0.331	0.307	0.254	0.295	3.697	5.041	4.763	7.139	3.967	0.276	1.406	6.167	10.25	18.683	6.522	0.806	1.789	0.809	2.231	1.538	1.795	1.029	0.35	0.724	2.358	1.808	3.181	1.973	3.612	1.144	0.502	0.84	0.463	0.931	0.531	1.503	2.785	42.41
rstcMAG_189 Intestinimonas butyriciproducens	0.484	1.884	1.746	1.04	0.945	0.786	2.682	0.723	0.704	1.102	0.955	0.947	0.941	0.805	1.434	1.288	1.101	0.998	0.951	2.32	2.163	1.667	2.709	1.443	1.416	0.435	2.957	2.749	2.589	1.966	0.704	0.916	1.036	1.057	0.898	0.772	0.463	0.979	1.082	0.972	0.973	1.244	0.934	1.713	0.67	0.576	1.008	0.826	0.775	1.58	1.32	1.66	60.02
rstcMAG_193 Intestinimonas massiliensis	0.55	0.937	1.04	0.4	0.773	0.628	1.186	1.28	1.305	1.885	1.577	1.565	1.593	1.805	2.104	2.08	1.618	1.936	2.035	1.958	1.001	1.08	1.416	3.065	1.132	1.868	1.148	1.161	1.595	1.33	1.191	2.128	4.514	4.361	6.433	4.652	0.941	2.578	27.228	3.93	3.297	20.272	5.06	3.77	1.396	0.341	0.635	0.266	0.44	0.554	0.597	0.841	63.36
rstcMAG_204 Anaerovoracaceae	1.638	1.423	3.935	2.592	3.106	3.623	2.56	1.052	0.877	0.942	1.53	0.998	0.98	0.451	0.396	1.08	0.539	1.121	1.255	5.968	2.798	3.746	2.074	0.493	1.08	8.048	2.667	4.09	3.843	2.534	0.373	0.296	0.386	0.383	0.434	0.338	0.195	0.297	0.307	0.917	0.484	0.469	0.321	0.52	0.274	2.849	2.201	5.241	2.307	5.858	5.143	2.157	46.83
rstcMAG_216 unclassified Oscillospiraceae	0.078	0.61	0.196	0.582	0.151	0.256	0.144	0.891	4.379	0.517	3.24	0.419	3.212	0.188	8.527	0.508	7.168	0.51	2.793	0.34	0.564	0.216	0.175	0.449	0.066	0.098	0.51	0.18	0.156	0.128	0.26	0.224	1.212	9.925	0.65	0.221	0.265	0.141	0.16	0.938	0.326	0.292	0.239	0.542	0.559	0.191	0.238	0.106	0.654	0.158	0.238	0.118	41.01
rstcMAG_217 Lachnospiraceae (UBA1066)	0.373	0.518	0.541	0.249	0.46	0.446	1.43	1.946	1.193	1.251	0.882	1.368	1.236	3.066	1.246	2.046	1.25	1.574	1.553	1.116	0.746	0.665	1.421	1.682	0.911	0.91	0.824	1.151	1.187	1.258	1.774	2.829	2.391	1.868	1.749	1.477	0.602	4.862	4.291	1.939	2.815	1.661	2.073	1.82	0.771	0.375	0.463	0.192	0.284	0.429	0.397	1.051	55.13
rstcMAG_221 Acutalibacteraceae (UBA737)	0.263	0.544	1.258	3.552	1.643	0.866	0.265	0.726	26.639	68.976	48.942	62.897	38.024	9.65	6.376	36.513	77.479	53.372	52.243	0.216	0.233	0.173	0.212	0.608	0.125	0.176	0.17	0.258	0.192	0.194	0.787	0.372	0.615	0.473	0.456	0.357	0.696	0.375	0.247	0.562	0.565	0.41	0.477	0.722	1.602	0.144	0.703	2.733	4.087	0.65	1.605	0.183	41.4
rstcMAG_228 Lentilactobacillus buchneri	18.512	6.917	3.746	10.651	3.985	2.6	4.187	0.049	0.078	0.064	0.079	0.076	0.079	0.227	0.121	0.082	0.064	0.063	0.087	1.801	3.386	2.54	3.139	0.137	3.836	3.669	3.411	2.153	2.054	3.9	0.101	0.106	0.064	0.076	0.089	0.072	0.202	0.22	0.246	0.071	0.053	0.067	0.053	0.193	0.441	4.528	1.713	7.792	8.478	2.502	4.524	2.576	44.45
rstcMAG_229 Butyrivibrio hungatei	2.756	2.64	7.594	4.596	8.036	8.787	23.398	0.74	1.118	0.795	1.05	0.768	1.007	0.797	0.535	0.914	0.764	1.206	1.184	23.874	24.087	27.434	16.89	5.795	1.655	8.662	15.761	36.095	27.36	17.415	1.517	1.206	1.399	2.068	1.665	1.185	2.297	0.656	1.292	1.513	3.181	1.269	1.519	4.677	3.19	4.377	7.11	6.245	6.145	8.861	10.958	11.439	39.37
rstcMAG_230 Dialister (sp002320515)	1.322	55.083	1.394	35.405	1.502	58.941	67.578	0.327	16.13	13.16	22.475	15.135	12.827	0.649	18.582	0.563	11.827	0.471	20.639	75.591	61.142	63.536	84.447	0.452	82.583	121.78	63.444	66.472	76.46	56.796	13.996	2.896	15.102	11.694	7.907	7.07	0.244	15.197	21.335	18.454	12.99	6.349	7.124	0.478	0.298	0.757	63.394	22.455	33.966	55.083	43.888	50.901	51.55
rstcMAG_234 Xenobiaceae	0.063	0.125	0.154	0.149	0.116	0.1	0.137	0.288	0.106	0.191	0.118	0.24	1.035	0.104	2.52	0.282	1.225	0.193	0.162	0.223	0.171	0.156	0.167	0.204	0.049	0.069	0.104	0.27	0.143	0.19	3.21	1.192	2.513	0.988	0.664	1.383	0.122	0.13	0.104	0.376	0.466	1.144	0.479	0.614	0.256	0.074	0.087	0.142	0.08	0.116	0.129	0.233	49.93
rstcMAG_237 Christensenellales (RUG563)	0.268	0.444	0.627	0.523	0.491	0.419	0.711	3.988	3.118	5.591	4.226	8.084	6.847	2.438	4.704	6.346	5.221	5.451	5.779	1.059	0.731	0.523	0.879	10.192	0.461	0.453	0.749	0.825	1.225	1.057	2.878	3.372	4.837	5.013	3.616	7.567	1.989	1.542	1.756	4.946	4.166	22.653	20.136	11.777	3.06	0.371	0.453	0.294	0.501	0.45	0.492	0.913	60.58
rstcMAG_238 Limosilactobacillus mucosae	307.535	301.158	193.144	586.931	271.101	195.224	178.229	6.319	16.022	16.628	63.504	48.247	6.746	28.184	18.839	37.768	19.455	16.635	56.893	150.851	284.778	194.99	123.31	0.057	238.422	128.809	184.096	123.063	152.531	90.633	68.434	25.7	36.582	62.658	41.58	32.587	0.04	58.224	51.017	27.592	13.131	10.39	12.096	0.056	0.049	159.572	231.006	338.951	556.596	133.346	132.872	191.798	46.84
rstcMAG_244 Pyramidobacter (sp002007215)	3.381	3.879	8.33	1.774	4.159	3.491	22.983	40.563	18.351	32.59	17.428	39.13	20.111	46.825	25.727	47.835	18.757	35.327	21.547	23.439	15.536	16.887	25.437	1.089	11.379	21.121	19.967	29.0	19.272	27.955	70.948	55.697	87.95	60.681	60.761	55.414	0.441	68.424	110.94	113.369	79.134	93.787	81.894	1.166	0.549	3.789	3.107	1.638	2.577	4.867	2.805	20.074	60.6
rstcMAG_245 Bacilli (Tener-01)	0.052	0.315	0.357	0.373	0.203	0.247	0.089	2.011	4.162	2.535	3.558	2.158	1.823	0.146	7.976	3.49	1.84	1.517	1.475	0.276	0.394	0.271	0.081	0.514	0.038	0.06	0.249	0.284	0.178	0.105	10.08	0.55	2.915	4.18	1.541	0.418	0.859	0.204	0.231	4.47	4.665	1.427	0.894	1.013	1.298	0.267	0.401	0.193	0.694	0.252	0.416	0.769	31.37
rstcMAG_253 Christensenellales CAG-1782)	0.466	0.204	0.237	0.14	0.165	0.164	2.236	0.965	0.299	0.556	0.702	0.385	0.669	1.085	0.739	0.529	0.444	0.323	0.976	4.639	3.993	5.627	4.703	0.313	0.356	0.259	2.977	3.829	1.779	1.569	19.129	14.054	22.234	11.713	11.586	13.807	0.579	0.493	1.147	28.168	25.726	14.909	15.184	0.483	0.832	0.343	0.209	0.139	0.334	0.145	0.2	4.455	47.92
rstcMAG_255 Borkfalkiaceae (UBA1259)	0.063	0.174	0.131	0.118	0.212	0.16	0.126	2.002	2.198	1.047	1.297	1.105	3.292	0.604	2.322	1.872	1.348	3.261	4.37	0.082	0.13	0.215	0.108	0.306	0.058	0.065	0.163	0.132	0.125	0.114	2.245	2.614	1.639	6.813	6.148	4.932	0.376	0.122	0.138	6.337	3.248	1.325	2.326	0.391	0.966	0.148	0.153	0.09	0.146	0.086	0.232	0.2	45.5
rstcMAG_268 Bacilli (CALVRE01)	0.263	0.273	0.206	0.41	0.259	0.228	0.209	0.402	0.484	0.288	0.683	0.467	0.416	0.449	0.622	0.333	0.397	0.357	0.425	0.145	0.303	0.182	0.149	1.317	0.318	0.282	0.198	0.402	0.18	0.129	1.136	7.011	0.589	4.538	0.63	2.748	1.534	4.311	1.198	1.543	2.706	0.372	0.317	1.635	2.141	0.411	0.305	0.279	0.401	0.169	0.362	0.188	32.27
rstcMAG_276 Prevotella (sp902792635)	2.164	3.075	2.072	1.912	2.618	2.557	8.627	0.989	0.982	0.765	1.332	0.976	0.916	1.736	1.208	0.941	0.882	1.005	1.219	15.926	11.866	15.014	10.001	1.947	55.317	135.55	11.178	9.538	7.709	11.487	2.455	1.562	1.788	1.635	3.283	1.929	3.495	7.763	29.271	1.507	2.172	1.384	2.462	1.896	3.124	2.575	2.394	1.701	4.192	2.143	2.389	21.714	49.45
rstcMAG_280 Lachnospiraceae (CAG-791 sp900317475)	1.309	3.79	1.466	0.66	1.974	1.887	9.35	0.614	0.881	0.807	0.94	0.886	0.755	1.286	1.127	0.672	0.823	0.955	1.023	6.656	3.722	3.181	11.529	1.573	9.278	7.373	3.889	3.126	7.024	8.147	0.918	0.562	1.014	0.589	0.765	0.795	0.482	1.635	1.722	0.705	0.503	0.621	0.699	1.608	0.623	0.754	1.934	0.531	0.975	1.686	1.397	9.374	52.47
rstcMAG_284 Anaerovoracaceae (UBA3871 sp002392265)	0.658	0.588	2.199	1.785	0.971	1.165	0.589	21.403	15.027	26.546	16.35	40.709	25.411	1.673	4.749	20.058	13.587	14.472	11.449	0.659	0.837	0.66	0.704	2.219	0.292	0.443	0.538	1.066	0.668	1.04	0.83	0.951	1.274	0.959	1.115	0.904	0.965	0.576	0.712	0.969	4.723	1.028	1.899	2.542	1.21	1.859	1.277	1.252	2.349	2.997	2.667	0.466	47.56
